year,conus_jja_tmax_anom__era5,conus_jja_tmin_anom__era5,conus_jja_tavg_anom__era5,conus_jja_tmax_anom__berkeley,conus_jja_tmin_anom__berkeley,conus_jja_tavg_anom__berkeley,conus_jja_tmax_anom__nclimdiv,conus_jja_tmin_anom__nclimdiv,conus_jja_tavg_anom__nclimdiv,conus_jja_tmax_anom__ushcn,conus_jja_tmin_anom__ushcn,conus_jja_tavg_anom__ushcn,conus_jja_tmax_anom__ushcn_bc,conus_jja_tmin_anom__ushcn_bc,conus_jja_tavg_anom__ushcn_bc,conus_jja_tavg_anom__noaa,conus_jja_tavg_anom__crutem5,conus_jja_tmax_anom__20cr,conus_jja_tmin_anom__20cr,conus_jja_tavg_anom__20cr,conus_jja_tavgmean_anom__20cr,conus_jja_tmax_anom__era20c,conus_jja_tmin_anom__era20c,conus_jja_tavg_anom__era20c,conus_jja_tavgmean_anom__era20c,conus_records__ushcn,conus_records__ushcn_bc,conus_records__berkeley,conus_records__berkeley_at_ushcn,conus_records__ushcn_bc_x_sampling,conus_records__20cr,conus_records__era20c,band_jja_tmax_anom__berkeley,band_jja_tmin_anom__berkeley,band_jja_tavg_anom__berkeley,band_jja_tmax_anom__era5,band_jja_tmin_anom__era5,band_jja_tavg_anom__era5,band_jja_tmax_anom__20cr,band_jja_tmin_anom__20cr,band_jja_tavg_anom__20cr,band_jja_tavgmean_anom__20cr,band_jja_tmax_anom__era20c,band_jja_tmin_anom__era20c,band_jja_tavg_anom__era20c,band_jja_tavgmean_anom__era20c,conus_hw_days__berkeley,band_hw_days__berkeley,conus_hw_days__era5,band_hw_days__era5,conus_hw_days__20cr,band_hw_days__20cr,conus_hw_days__era20c,band_hw_days__era20c,conus_hw_days__ushcn,conus_hw_days__ushcn_bc,conus_hw_days__berkeley_at_ushcn
1900,,,,0.332081034784566,-0.05454105673182329,0.13876998902637136,0.420275764895327,0.3747483896940421,0.39210950080515267,0.36817199376410853,0.32832383275745125,0.3440329522495087,0.48395075533972426,0.40697381784235437,0.4399884130747983,0.20467284145881176,0.31108448266584665,0.025540871532591828,0.4525899954233055,0.23906543347794867,0.18266507299478352,1.9296212511202524,1.713314899802774,1.8214680754615133,1.836429434495058,1.101913393756295,1.113544813695871,1.2665299765895504,1.2015625,1.0450400036714191,0.2493441341264712,1.9525880905124835,0.03234486605575701,-0.5187634529567787,-0.24320929345051084,,,,0.025850533042793014,0.30452380056630995,0.16518716680455148,0.16512475536504923,0.12091273808904351,0.2734773915722395,0.1971950648306415,0.22320737118366638,3.807573702909391,1.0949969691479193,,,0.7355342211070192,1.286376543253416,6.996825675212418,2.5818381029713557,4.685428951852872,4.197399996238455,3.954965085141955
1901,,,,0.6528880852109458,0.14428436566628974,0.39858622543861777,0.8055414653784195,0.5961855877616751,0.7009863123993578,0.9094297125358636,0.47969249315071616,0.6847290340187685,0.9468450966474896,0.572310528894487,0.7767151703918046,0.4905913922082505,0.62450149787652,1.139683580506824,0.6931474012503704,0.9164154908785972,0.8821810004727028,1.5965411867281485,1.451901504414531,1.5242213455713398,1.5247291388686166,1.507137462235651,1.6125377643504533,1.1664079183170497,1.5734375,1.4991277992639258,1.2691106934326484,1.0731295966206693,0.35483857196674584,-0.3436831927196195,0.00557768962356317,,,,0.31875357248906994,0.46635993687836425,0.3925567546837171,0.3887212523689422,0.010879761147528097,0.1561089572010897,0.08349435917430889,0.09677644442967728,4.799135482255847,1.5433844511306447,,,5.324907786581399,2.1061713439068748,3.320418732683507,1.49387973069722,7.371581618334396,6.911605085625942,5.010899368886317
1902,,,,-0.6061306054986974,-0.9089891472905027,-0.7575598763946001,-0.4958474235104707,-0.5086453301127212,-0.5077093397745567,-0.4570137635893617,-0.5946649762587165,-0.5652011480369642,-0.4672925089462651,-0.4983919182144557,-0.4762083587324576,-0.6034015809580836,-0.526958672176942,-0.4024628002348859,-0.24224531393109858,-0.32235405708299225,-0.3546833585964154,0.24142586573829028,0.4438040140343303,0.3426149398863103,0.3379406424042883,1.0592540641634298,1.189451158106747,0.7941244817247274,0.846875,1.0916154038939438,0.3305736255119287,0.8092759577394546,-0.012025793485182143,-1.0256609327967696,-0.5188433631409759,,,,-0.4831259668454101,-0.4502048659454209,-0.4666654163954155,-0.46708579334476047,-0.5176836143492505,-0.34220812149371854,-0.4299458679214845,-0.3981484374858675,2.1508423918883186,0.8494719471261196,,,1.061180818894728,1.0610579234143835,1.8123082352248385,1.4970964373240772,4.085380711213895,3.2801935680834777,2.1899784619350364
1903,,,,-1.3498764509397136,-1.0723980773220843,-1.2111372641308988,-1.2617290660225449,-0.7109400161030599,-0.9889895330112699,-1.2094539690785113,-0.8778100017418204,-1.0597415273607862,-1.2670517397542589,-0.7317497027648264,-1.0264294385933896,-1.088396145611955,-0.9913626544111074,-1.0956588422313984,-0.5333475825540387,-0.8145032123927185,-0.8659281495695822,-0.10160702266882751,0.04449781368847212,-0.028554604490177698,-0.04473127755102326,0.330225866781758,0.2964501510574018,0.13250375700731296,0.2,0.2675946399314434,0.48738747239886365,0.433527245339353,-0.7477956876973758,-1.0209588763301682,-0.8843772820137721,,,,-0.7413752680822208,-0.46036928052217824,-0.6008722743021995,-0.6095354136403148,-0.8549714831535283,-0.6830000606140999,-0.7689857718838141,-0.7584684916267203,0.5811477185430631,0.24177881336037577,,,1.2210833961650538,0.5907284924814256,1.2452417105544096,0.6076374519195153,1.2765564655818065,0.9189230349138467,0.6123884034626748
1904,,,,-1.1503449037958398,-1.1428121663184263,-1.1465785350571331,-1.0294826892109534,-0.7576187600644135,-0.8906199677938809,-0.9079034456134929,-0.902037680582523,-0.9032482354730852,-0.9866203317655436,-0.73937060993617,-0.8735167847751409,-0.9894990153405713,-0.9207952280554464,-0.4016718477600802,-0.2904967555050934,-0.3460843016325868,-0.3844386915593941,-0.33851158347837207,-0.10160289977153712,-0.2200572416249546,-0.2159474094093035,0.36850453172205455,0.3114300100704934,0.13637555141516267,0.1546875,0.275548937357381,0.2849763387167331,0.13221068677041783,-0.1722754881514407,-0.8825245587110399,-0.5274000234312403,,,,-0.4536377025083455,-0.5130212469642496,-0.4833294747362975,-0.48569518570781195,-0.642501982628349,-0.5785880373465772,-0.6105450099874631,-0.568117430348541,0.08478731051243835,0.21289047095115035,,,0.17012959433449568,0.3053829111071772,0.1745059655868751,1.0024809829499537,0.5305982319393646,0.2647634478112202,0.10698906763345731
1905,,,,-0.6236724920798807,-0.49380808556191275,-0.5587402888208968,-0.5342532206119172,-0.118246779388084,-0.32787842190015876,-0.42392901288498985,-0.24321301922952404,-0.3266328598967495,-0.5188371330538357,-0.1012340644251022,-0.30156876225162177,-0.5196362664191518,-0.39249732446528973,-0.3144848216708077,0.3167743929468778,0.0011447856380350507,-0.040843472617518,1.9036931314135785,1.6336928719056274,1.768693001659603,1.7750745438787907,0.6026830671845776,0.44108761329305135,0.2787025496333064,0.275,0.3814681279170128,0.7909973413968678,5.090997618902689,-0.1750403164584996,-0.46595155521186726,-0.32049593583518343,,,,0.040233968469262645,0.2551666724744131,0.14770032047183787,0.14703529160556966,0.028385728066970865,0.12362830962693133,0.0760070188469511,0.1137246649296919,0.5275595660073468,0.7273607903705411,,,1.886191504472782,1.554617764216226,11.989682406970257,2.8256211710901287,1.4977790078495534,0.8336065413648635,0.5520736310000903
1906,,,,-0.8612041261657737,-0.5503356188008774,-0.7057698724833256,-0.7450020128824472,-0.2154086151368762,-0.481018518518518,-0.6316238365362974,-0.2789471925822214,-0.462110658936956,-0.7707394491116794,-0.13484657486551835,-0.44721720681303084,-0.6099813239910897,-0.5231174440721421,0.3985125185935601,0.6739899023590044,0.5362512104762822,0.4886116551313682,0.27882944206661875,0.6507133236331362,0.46477138284987746,0.4656670897126844,0.594087181700475,0.4859013091641491,0.23961459282858072,0.2421875,0.41008473945648255,1.5755982104089044,0.5570660802584901,-0.3001498758436379,-0.386353520150645,-0.34325169799714145,,,,0.14619533320920236,0.34085902552992753,0.24352717936956494,0.24112691711030584,-0.16817198888445875,0.023075899053344628,-0.07254804491555707,-0.03582494634797695,0.27007362235280874,0.7522770629034126,,,6.1512510492114005,2.826308946280689,0.5228516654885261,0.8743249657942848,1.4065635282401958,0.6989514167590726,0.27480702040485244
1907,,,,-1.2561456568032145,-1.0890394115009274,-1.1725925341520709,-1.138601046698872,-0.7531501610305952,-0.9485909822866297,-1.0267541805210576,-0.8030994285027441,-0.916316319593978,-1.1469210987422074,-0.5957618941774045,-0.8682646943747262,-1.0314840370111773,-0.9702775831333257,-0.2789678879080353,-0.21718807412392319,-0.24807798101597922,-0.2765670931117604,0.8403731015059819,0.4844006566552483,0.6623868790806151,0.691995062298586,0.30601711983887214,0.24370594159113798,0.08152242911434283,0.059375,0.20089248510581167,0.23633120823235723,0.23976929444112272,-0.6852062888583992,-0.8501822717487919,-0.7676942803035955,,,,-0.3472705133037592,-0.281692483967101,-0.31448149863543007,-0.3127526194939463,-0.41085963389238817,-0.39025886406485877,-0.4005592489786235,-0.35982598566942264,0.08901876893709455,0.341337538889665,,,0.8761104669345966,1.432674446161159,1.4100652929449449,0.8220208777213375,0.7984484439299349,0.4270145925566442,0.09901911295666496
1908,,,,-0.924414145181519,-0.8623986188730695,-0.8934063820272942,-0.7465116747181978,-0.48050523349436464,-0.6152576489532994,-0.6516028089971041,-0.588086725870621,-0.6488474611338569,-0.7485794385331251,-0.39757030693959644,-0.5969939678784345,-0.7139003120386941,-0.6641810097455303,-0.335576646350264,0.08655783143185733,-0.12450940745920334,-0.162581058983852,1.1804128838402894,0.7978065484160638,0.9891097161281766,1.0300104549927418,0.8495360379801462,0.7688821752265861,0.4153952627565225,0.5359375,0.622885232517788,0.8787524729031355,2.6957607921340268,-0.3896586286959978,-0.5757821786843293,-0.48272040369016356,,,,-0.0919250783066846,-0.0085048967030735,-0.05021498750487905,-0.05511761633495246,-0.2758195726714703,-0.2369600267634319,-0.2563897997174511,-0.22041257912844606,1.571018477542261,0.9535883772381567,,,2.2925068015775047,1.362437953187813,7.330425670585376,2.43064866012687,2.3068386500710867,1.7675195191313997,1.589082829358351
1909,,,,-0.21579774342369215,-0.15646359773878651,-0.18613067058123933,-0.07652375201288614,0.21031602254428372,0.06517713365539808,0.010270328622837843,0.08646284366265795,0.045096482252939135,-0.10822671734703838,0.2519451648038471,0.0612680059960812,-0.10080635934032146,0.004061794627746594,-0.056218389549579334,0.10228125056235216,0.02303143050638641,-0.019578383688819343,1.680590708903266,1.1139408428394868,1.3972657758713765,1.4101082742755215,0.5418429003021149,0.4637462235649546,0.3229094361680245,0.296875,0.36546871524514146,0.7181588102334311,2.299568065302382,-0.29054091042344793,-0.566355110254371,-0.42844801033890945,,,,-0.08473782967966992,-0.028218512167124222,-0.05647817092339707,-0.06142852132529966,-0.11562305115166036,-0.14935497058020997,-0.13248901086593518,-0.10019393048434792,0.5459739626679191,0.8375071435701616,,,1.9041645278616326,2.2959105835183116,6.708121659479402,2.1325642583986566,1.491580089379892,0.8949927964749874,0.5258327310248904
1910,,,,0.01903778504607708,-0.6929168291978108,-0.33693952207586686,0.14926127214170423,-0.381894122383254,-0.11435185185185415,0.21864694824742797,-0.46386835621898376,-0.15221243326417802,0.08925501359359203,-0.31193957843067527,-0.13724775767654784,-0.2867008506290919,-0.17281586115576392,0.43102975379056024,0.12478561072155195,0.2779076822560561,0.2649337878779529,2.17321492126963,1.4293917557122755,1.801303338490953,1.805911226743124,0.7943479355488414,0.6583585095669687,0.6447871963307374,0.4140625,0.5086118949900859,1.126141698872273,3.698097799759817,-0.17113804941661434,-0.6471911549445026,-0.4091646021805585,,,,-0.09531399685692432,-0.11184237568001555,-0.10357818626846993,-0.10938908892333242,0.07515662728010027,-0.03678785330668547,0.019184386986707398,0.05245234917192339,2.1698580180205176,0.7317516388911834,,,2.676515237481963,1.4399092922478558,9.53789504006746,2.667324809847179,2.9593764493492665,2.1215307423015983,2.125881798750003
1911,,,,-0.013600892367797365,-0.46389037288329016,-0.23874563262554377,0.14261876006441068,-0.09807769726247907,0.022363123993558578,0.20516878328329594,-0.13850507236348616,0.019091699682254964,0.11463745519965063,0.013365781730344074,0.048914454711937026,-0.1329588941948245,-0.06647951866046922,0.6979017866666422,0.5839595217165792,0.6409306541916107,0.6370603241069528,0.6114028710852196,0.5899025490031746,0.6006527100441972,0.6081319707239635,4.067549633146314,4.019637462235649,2.8148414418396763,3.959375,3.069821350584496,1.46846945119065,0.6930086311660276,0.016683117868699034,-0.527307512277613,-0.25531219720445697,,,,-0.03873922529478279,-0.01045578307979833,-0.02459750418729056,-0.020015175848553314,-0.5047887964788115,-0.3339126925090629,-0.41935074449393717,-0.3889389916702595,6.369472214541759,2.85548175289487,,,4.320072481287103,3.066056266568413,2.1915435898097275,1.1492907079138093,8.147741675777082,6.7388556316781125,6.520908691574645
1912,,,,-1.4004736555979114,-1.0197092851383704,-1.210091470368141,-1.2188546698872817,-0.643971417069243,-0.932226247987114,-1.1790201002828469,-0.697019130925022,-0.9417943046082947,-1.2845234968960069,-0.5542846893319022,-0.929279199905935,-1.0253323258070517,-1.0060818914746055,-0.10893106529215482,0.08321635261023486,-0.012857356340959983,-0.0339754850713189,0.4232909470604772,0.4926534591717129,0.45797220311609504,0.4583022656955783,0.5364318083728958,0.46827794561933533,0.23103924941406453,0.253125,0.3573569977011543,0.3309136893252875,0.8338315374069218,-0.6391205793820209,-0.8364099860620436,-0.7377652827220322,,,,-0.2050395605636061,-0.12922534992675597,-0.16713245524518103,-0.1781603711096022,-0.4081967619027957,-0.27101725434985785,-0.33960700812632677,-0.33136297522805264,1.5620811400487278,1.5509886971860798,,,2.861108538189737,1.8099424617975226,1.4879432472918899,0.7852578623849539,2.3909225139962316,1.6742230667340732,1.5861912922741241
1913,,,,0.020047162945379473,-0.3337761373315708,-0.15686448719309568,0.16707528180354203,0.007296698872784511,0.09011674718196419,0.3180109827354089,-0.06505628702901654,0.13343283335176293,0.19532552572347267,0.08143489392917999,0.1411199020738541,-0.04549683993805494,0.016153071092471705,0.756554580873276,0.35082378112861823,0.5536891810009471,0.5338810020763792,0.2232247905652352,0.16439749797121597,0.1938111442682256,0.2369242228242406,1.9970687670838712,1.8546072507552867,0.8319658088939518,1.4328125,1.4272434734340362,1.7869242761096336,0.5350043223978499,-0.2713743439838337,-0.8718065757732583,-0.571590459878546,,,,-0.5524493136454791,-0.5513746921847489,-0.551912002915114,-0.5579370081453485,-0.880072818264862,-0.8193255677182396,-0.8496991929915507,-0.8254809134640139,2.2446150306516377,1.0763852397214004,,,4.585262503932108,2.248599202392089,1.391107168338778,1.480135752247384,4.012503987989457,2.8724062843034295,2.2464665378657203
1914,,,,0.007206316170631712,-0.10132597993736468,-0.04705983188336649,0.1356139291465343,0.23277979066022475,0.18250805152979144,0.2582827175758424,0.11857649438522104,0.21288895217038728,0.1488760156096322,0.28248481910951767,0.2221885406274826,0.03702126150119793,0.10620901710790767,0.8547712659325698,0.8912659313357266,0.8730185986341482,0.8460501487207887,1.7408874265005958,1.5430595148046584,1.6419734706526272,1.6674444041724048,1.8714933103150615,1.7476082578046326,1.2061736148881583,1.7140625,1.3602646469103794,0.8168268614565094,3.593409826589296,-0.08955250731590748,-0.44818132048147713,-0.26886691389869233,,,,0.0025623579722975466,0.09160581462881758,0.04708408630055756,0.03584842838314659,0.29888491157764063,0.30239932136884945,0.300642116473245,0.31465100633456655,3.6857864264259756,1.3272704140515201,,,2.2455881695989315,1.8476157729050333,6.534028883036113,3.423978276961476,5.388247655635909,4.047687517921516,3.75398384458612
1915,,,,-1.7165079844582187,-1.3388582460794,-1.5276831152688093,-1.5424657809983904,-1.0052636876006447,-1.272866344605474,-1.5598870237215288,-1.1542448956260973,-1.3555620844785803,-1.6562129537918002,-1.0041626222409514,-1.33453979060015,-1.2785126634959583,-1.3517569543697578,-0.3499405639551586,-0.20001781510217873,-0.2749791895286687,-0.30998387651823434,0.7854146281874328,0.7906385800248276,0.7880266041061301,0.7904139052249788,0.6888505251043009,0.6292799597180262,0.33560161760137397,0.359375,0.4956544810203118,0.8371306362601557,0.8138371059436208,-0.3163513828967156,-0.46369293048767685,-0.3900221566921962,,,,0.20421592301543856,0.39563232998701825,0.2999241265012284,0.2995095681406397,0.19185710904910622,0.4470514955606285,0.3194543023048674,0.33939385557257656,0.7065278997232486,0.963573707121381,,,2.723321422069309,3.405006741658399,2.7421020464274783,2.72862292524263,2.2090453166557835,1.0186487660480228,0.6901549733628964
1916,,,,-0.5881724705794378,-0.598237910110634,-0.5932051903450359,-0.39590780998390007,-0.2320148953301125,-0.31568035426731056,-0.38840172545923124,-0.29164225365011487,-0.3369823025416762,-0.45518944267929284,-0.1715469502165193,-0.3095311295121556,-0.421339940542561,-0.36754408381773,-0.09378351961778422,-0.00015260770347936197,-0.04696806366063179,-0.07755918345979268,1.5303008605809887,1.289852987023306,1.4100769238021473,1.4246720516082965,1.213508847647821,1.138519637462236,0.7524367658055711,1.1203125,0.9109142541868096,0.7030842487888879,1.9599155236353127,0.09834102715511016,-0.3670907457622927,-0.13437485930359128,,,,0.14295975158609864,0.19956885790587475,0.1712643047459867,0.17299050355339693,0.18924610201592404,0.24399598369667042,0.21662104285629724,0.23700321262226684,2.027221429570605,2.0048274773419252,,,1.3263638231159889,2.5627812292379284,7.022123598913347,3.4621451018320824,2.9423104680986074,2.0585952541928734,1.9839294590624754
1917,,,,-0.15576704278456158,-0.9400990268157947,-0.5479330348001782,0.01749798711755191,-0.57307769726248,-0.2730475040257645,-0.011436208599608786,-0.6532329401451696,-0.3239397872150615,-0.06836716517454865,-0.5214537173338718,-0.2927266760958952,-0.3857702093503935,-0.34452404211174886,0.4202458404715706,-0.16105451462756987,0.12959566292200037,0.11456430126518288,1.7948353081416415,1.0722419364858045,1.433538622313723,1.4812157772337609,0.6366458063587969,0.5808157099697885,0.4068917841028997,0.4375,0.47618437558375587,0.6230070924855424,1.8250283523740087,0.04671176850627203,-0.3953064361351838,-0.1742973338144559,,,,0.062062292918897144,0.061836622954256536,0.06194945793657684,0.06433549753115304,0.2424246058606073,0.30458880220610407,0.2735067040333557,0.29168201257223386,0.4966022977986751,1.2411123057190552,,,1.8561877667785593,1.6564085359115164,5.034318268999907,2.9880241279612156,1.3430993175757344,0.8613941994986527,0.5036532853521387
1918,,,,0.35738116074583454,-0.2583229478938486,0.04952910642599298,0.5482347020933942,0.1524657809983887,0.3458534621578128,0.5669897015689673,0.045686901740699205,0.3149201246556633,0.5266799699712018,0.1642388570355358,0.34673771903236034,0.18853315419113664,0.27458671133079227,0.6661913253631571,0.5992704504739251,0.6327308879185412,0.6355795674268762,0.5176743361764996,0.6515791005433071,0.5846267183599034,0.6066544777526677,2.2023449863329,2.0965508559919437,1.8732008067652597,1.9703125,1.7800923631243533,1.5242487565706007,0.8069524663028801,0.007525823323953138,-0.8173967273552799,-0.4049354520156634,,,,0.17643568288105851,0.17925717982211115,0.17784643135158484,0.18744223775048421,-0.43075831574019613,-0.20446394048941446,-0.3176111281148053,-0.29002798081163306,4.006757767033544,1.242957630993529,,,4.592765201018872,3.830206743662981,1.518613654829541,2.372854255058581,4.980895107636421,3.914372463939493,4.065698862420176
1919,,,,0.28759529741629125,-0.12906529803615202,0.07926499969006962,0.441894122383252,0.21556964573269008,0.3325684380032232,0.45347719795690994,0.20189571803488054,0.33084949471971214,0.39150134384737034,0.27656230387216413,0.33452144202286066,0.15124150769337072,0.2651888648198539,0.768817960040383,0.8751060308719775,0.8219619954561803,0.7856286554591769,1.6847911685249939,1.3330246921314175,1.5089079303282058,1.5443955311099298,1.0028197381671708,0.831570996978852,0.7898537912355993,0.6796875,0.7259277259949233,1.5639666052602812,2.4878936245517194,-0.046886695950963356,-0.38132473647494713,-0.21410571621295524,,,,0.19393938630734356,0.30909865724603497,0.2515190217766893,0.2479330989167069,0.12508329398496584,0.263526723989936,0.1943050089874509,0.20744308303510584,3.2389138362775993,1.24157084323341,,,4.373574189401874,2.0038356421833265,6.096639840751477,1.8460851442876867,3.3718344939076563,2.4552703742810738,3.192862219887056
1920,,,,-0.9455189187249726,-0.9136111603142822,-0.9295650395196274,-0.7080454911433193,-0.5617250402576499,-0.6348228663446026,-0.7014422189349407,-0.6147587732476869,-0.6603270681506437,-0.7652319321876502,-0.5099336381203612,-0.6356436083716825,-0.7602291956080592,-0.677312391070427,0.22682301709038769,0.5034203330289873,0.36512167505968746,0.347251832828042,1.064186621810697,0.9017256141730686,0.9829561179918829,1.015875808463219,0.5735541648683641,0.46047331319234647,0.2113226013999925,0.203125,0.4085563543974524,1.684127180731363,1.19108422614526,-0.1907444626891223,-0.37391716863215496,-0.2823308156606386,,,,0.21917771111146853,0.5262273936130977,0.3727025523622831,0.37481537471882836,0.18729628241688304,0.3177023316006913,0.25249930700878714,0.2884669380838899,0.725352914319791,0.667724176035764,,,3.7330166967653455,2.9230255606060327,1.241292943294652,2.189643887898801,1.5051474742493827,0.853665773123044,0.6903094246244528
1921,,,,0.25733159047177095,0.28401993224072386,0.2706757613562474,0.44038446054749886,0.6292169887278589,0.5339573268921098,0.4857051342510568,0.5982190984587641,0.5330993234315813,0.42959977794544335,0.6835255880395134,0.5602716790927037,0.34267402753955994,0.4527713701642359,1.1557744332069781,0.9935128572971803,1.0746436452520793,1.0612416278649017,1.0288563117072336,1.153015249418403,1.0909357805628184,1.1095107998761629,1.2193575264949903,1.0511077542799596,0.5190056870482542,0.6984375,0.9374337607465576,1.535503357134655,0.6758301436048456,0.18756779255535655,-0.23313498372178676,-0.022783595583215105,,,,0.16547177031165095,0.30409069539863426,0.2347812328551426,0.2410844366060202,0.011739353183593664,0.18421298555224935,0.09797616936792151,0.12730695598118322,3.5622370890614943,2.7267958453087298,,,6.327082191984458,3.1634119956646876,3.7763928662719004,2.2328357830176833,5.098289206696254,3.5576492560910684,3.699561937590472
1922,,,,0.2256064961095156,-0.09916191942871304,0.06322228834040128,0.4212419484702098,0.24660829307568308,0.33311191626409364,0.45222820666339386,0.2215408765928546,0.3223902722264944,0.3739109810575044,0.3101881609178358,0.33738516093097787,0.20976807811937528,0.270206649919032,1.3056467194178132,1.0414784109242747,1.173562565171044,1.1604563665360277,1.4005629188879651,1.0582321112765656,1.2293975150822654,1.2616506577509181,1.2228132642785225,1.0463242698892246,0.7161643203710318,0.7140625,0.9326613810516422,3.165313738170055,1.1886422759436277,0.20143820877914045,-0.2533799825118356,-0.02597088686634756,,,,0.4336943608831453,0.4814795260992654,0.4575869434912053,0.45786388488067087,0.40437983010021544,0.45321412183326654,0.428796975966741,0.45691403312792084,2.0025675865294703,1.709528039163609,,,7.023611331685,2.871131643027916,4.131735833797381,1.985986477966847,3.5449193423472187,2.2295222393193836,1.9700824998896114
1923,,,,-0.6151794264197117,-0.3225186761322599,-0.46884905127598575,-0.4610044283413863,0.012248389694041092,-0.2270330112721439,-0.439091373191555,-0.006644078675937588,-0.2254220191084087,-0.4870892158316763,0.08148753490614398,-0.20926668859812522,-0.3138372144324989,-0.2547680017957548,-0.021297842627245198,0.2116728252701996,0.09518749132147719,0.07964261761658067,0.36907446606852407,0.6165012118195412,0.49278783894403266,0.5049591307346887,0.46272838440512154,0.3851963746223565,0.18722832878298087,0.2890625,0.3418065492519477,0.7619724987144961,0.6679423343235138,-0.22206639683189736,-0.5159018816128125,-0.3689841392223549,,,,0.018991082416286244,0.09577566773657821,0.05738337507643223,0.058027782474901535,-0.3117202113489295,-0.16604273575296763,-0.23888147355094858,-0.20346355000481767,0.8532185250596622,0.8485445874116413,,,1.6212317265345626,2.2608389425941224,1.8410990298218042,1.7164448320653525,1.8205926301481727,0.9487232517453346,0.8409276660281203
1924,,,,-0.1895243592056413,-0.8938478479244011,-0.5416861035650212,-0.015593800322062156,-0.5820752818035416,-0.3015499194847023,0.006298794345140545,-0.6029981132838884,-0.3058897323053585,-0.0532714286198956,-0.5279537158229232,-0.3043669448460391,-0.31132373295911375,-0.33914159098613433,0.0608409778401814,-0.04145972180855698,0.009690628015812209,-0.011423404679391957,1.3968713520593756,1.0939008146698925,1.2453860833646342,1.2365086313488105,0.925523905433271,0.7925478348439071,0.6800893788069238,0.434375,0.693351836890026,1.2830721902025888,1.5388811533187134,0.24356876376235512,-0.4841031417807011,-0.12026718900917298,,,,0.17179651819933117,0.2249765999375299,0.19838655906843053,0.19353666479178136,0.3202380479270476,0.2800295846053058,0.3001338162661767,0.31644835485943484,2.6450242921235425,2.419399170876723,,,3.7664660376084176,2.7341366875443542,4.417101907090827,2.8638545409305167,4.2058715423725,2.848256328075849,2.601789130777256
1925,,,,0.14731515948055945,-0.21539306875343062,-0.03403895463643558,0.34304146537842145,0.10753824476650425,0.22634863123993534,0.38129731598065425,0.12370752187039778,0.25166080130773777,0.32867845657827266,0.186563727263136,0.25276998766641506,0.1372151214037926,0.17433003501524033,0.4847065541511508,0.6208019890383487,0.5527542715947498,0.5419152158202607,1.295491983786506,1.091687579966576,1.193589781876541,1.2215892461347742,3.8177300628206967,3.499420946626384,2.8639016083587716,3.915625,3.0101439428235492,2.174248893795989,0.9298773669510633,0.03005703512433232,-0.4095438174992436,-0.18974339118745565,,,,0.12439043053173626,0.19187463959751933,0.1581325350646278,0.152678311359982,0.19657319870240164,0.23779220131157763,0.21718270000698964,0.24212280727061794,5.383399852420452,1.5137019289966362,,,4.526248683797655,2.0731544429380544,1.7524656605314888,1.4849184863373708,7.503675412115441,5.610142608328392,5.486971470187721
1926,,,,-0.0672573335710896,-0.493292567621585,-0.28027495059633734,0.09563808373590706,-0.18503421900160827,-0.04641706924315406,0.13413710523585928,-0.15808291801486932,-0.010538533612669524,0.05683445874374366,-0.11456035429527478,-0.031866938981001076,-0.11401162132547028,-0.09705679366227762,0.7972613974850363,0.6768991745621042,0.7370802860235703,0.7221084574279226,-0.30656672705604704,0.12400097181369482,-0.09128287762117611,-0.10130332068143497,1.5049639140651239,1.337865055387714,1.1940923107536465,1.2125,1.1354252804134182,2.457405327648249,0.4123994156579004,-0.1407818502457059,-0.3617408437077641,-0.25126134697673497,,,,0.1638768609212938,0.21082644103312143,0.18735165097720763,0.18985351746515747,-0.3724581041163145,-0.15730454219830667,-0.2648813231573106,-0.24830871981320707,1.1438887856134163,1.174802436567111,,,6.6862488105759565,2.8805305587811008,0.9266463860313331,0.501701561824352,2.5594707060609387,1.4095668398588077,1.1718957387438669
1927,,,,-1.2408114703068096,-1.058513848582703,-1.1496626594447563,-1.0626348631239977,-0.744394122383253,-0.907165861513688,-1.0092027282054337,-0.7420324472462043,-0.8882725385790328,-1.105040492905608,-0.7233835299665404,-0.920214838428292,-0.8871420346062372,-0.9504149710311726,-0.19716650674983852,-0.14002539196783292,-0.1685959493588357,-0.17193774580857596,0.44559884644230613,0.38149692353947373,0.4135478849908899,0.4384181828800892,1.1538267875125887,1.0186304128902317,0.9129031397889845,0.946875,0.8543622543869661,1.5343133094374066,1.0160712617990892,0.044807070783171934,-0.22928109771071759,-0.09223701346377283,,,,0.24893649628766398,0.20500096572524434,0.22696873100645415,0.22938010403229608,0.22596552677419873,0.26932765052703656,0.24764658865061764,0.2675328812044136,2.2639080250204806,1.5693224182873593,,,2.6951627921034955,2.6655637987045333,1.8102466809789897,1.7856611625974295,3.049814576671052,1.867796668508823,2.2713651776952863
1928,,,,-0.9621208568001672,-0.6406836473823624,-0.8014022520912648,-0.7797846215780994,-0.31522745571658717,-0.5492552334943634,-0.7351631593665912,-0.3232466114783079,-0.5320732462977571,-0.8187405890692894,-0.28925519301759883,-0.5511112994977989,-0.6073821194366856,-0.5940394695711748,0.03304561035722746,0.16229149229160295,0.09766855132441521,0.07968167042132002,1.0793820548900852,1.1472516247818314,1.1133168398359583,1.1122385547239995,0.7687119359324793,0.6285246727089627,0.41863243358883506,0.38125,0.5193450319229532,1.3678565521019195,1.6616578995232696,-0.2141933164897992,-0.34704821565739613,-0.28062076607359765,,,,0.30621249953733,0.22674461986265895,0.26647855969999446,0.2695139042692585,0.1875433895962851,0.26219310965721077,0.22486824962674795,0.250782951028457,0.925943398735817,0.576722595686112,,,3.0723370752803842,2.2281595176975197,3.7797671259839665,1.9817089111646133,1.7111267301013673,0.9111364202838744,0.9666666843559278
1929,,,,-0.006088186429721725,-0.6097483491301154,-0.3079182677799186,0.17691827697262055,-0.32688204508856816,-0.07214170692431336,0.190099813480048,-0.30730078026440394,-0.052159830236728745,0.1036786830126358,-0.2690901477692049,-0.08314997092371698,-0.10663921310544165,-0.1173428747153771,0.22779451538202586,-0.06680430047814431,0.08049510745194077,0.07812828561688794,0.9266601189042277,0.7376748109704974,0.8321674649373625,0.8686028194657239,0.6923122572291754,0.5844662638469286,0.39024020154831945,0.3890625,0.47552862205267377,0.980853987024017,0.7666042659254055,-0.2082031435940378,-0.3459226371659203,-0.27706289037997905,,,,0.09688421971428134,0.02999873447215936,0.06344147709322034,0.060932716046597925,-0.09614525165459083,0.032438868043530696,-0.03185319180553006,-0.01688728349517607,0.42548046577631055,1.0191764312441416,,,1.9981751907996006,1.934974811648746,2.2330592322671894,1.2571973587954781,1.1432210512632934,0.70464591056035,0.4319557388581063
1930,,,,0.6585047175592049,-0.3135531736604265,0.1724757719493892,0.8481743156199645,-0.019092190016103096,0.4146336553945264,0.8746994480873783,-0.002483051251387379,0.44828949646651817,0.8057492255000731,0.027909240850300082,0.41979758403784373,0.37777092853582006,0.3702207649723712,0.8237365176900933,0.34869920046584285,0.5862178590779681,0.5646246869771857,0.9849203998467865,0.623160836647139,0.8040406182469627,0.8228162142645097,3.317008344123146,2.9138972809667667,2.056649756845197,2.94375,2.336289996760419,1.440538175790137,2.5455336114325737,0.2414777241390992,-0.1246932392875926,0.058392242425753305,,,,0.3651825961423681,0.2961761018229997,0.3306793489826839,0.3265534976847997,0.3069568930179559,0.2617534037274637,0.2843551483727098,0.31540578242171663,5.445876908832248,2.007871389767468,,,3.889513934063639,2.3056701059847895,5.599848269976991,3.046713210927625,6.589868402072599,5.0046628281173176,5.390674668176251
1931,,,,0.870372153409426,0.23732359406896109,0.5538478737391935,1.05439412238325,0.5389392109500815,0.7977254428341408,1.0895690401018592,0.5169030420375382,0.8194231281988931,1.0169330683340603,0.555315623847891,0.7904667403366193,0.7151852898613074,0.7379311089178012,0.5599705001998719,0.44258943995302397,0.501279970076448,0.4659913873853735,0.5118315061253078,0.5391809962163461,0.5255062511708269,0.550818264863432,4.068975686951519,3.620216515609265,3.5783698919083045,4.0734375,2.8719977902358456,1.8560661169365602,1.4227115733184874,0.28665833242470334,0.1287250066010843,0.2076916695128938,,,,0.3736989144462174,0.5162714400952162,0.4449851772707168,0.4443470880651019,0.12658844457071577,0.3638568105492863,0.24522262756000104,0.2673201596099296,8.444188048904332,3.0798038687599605,,,4.182654781101505,3.5951834780308394,3.4708873862892364,2.944731562353278,8.803124597139222,6.807023359687681,8.644309468038543
1932,,,,0.19618593916188254,-0.03054236781537995,0.0828217856732513,0.39135064412238146,0.26303341384863077,0.3254428341384878,0.42569635986266624,0.3162842746309222,0.37971389552227364,0.3598409311543897,0.3385611527825681,0.3521457099577681,0.32540390840322686,0.3015875878203285,-0.10944140622926711,0.2501551678980514,0.07035688083439215,0.03284852284220214,0.1864375633574205,0.26017011016351893,0.22330383676046972,0.23359601748722209,1.0290407854984895,0.8569234642497482,0.5074992290059264,0.6875,0.6758601033828218,0.24735855683523586,0.5662958652455878,-0.16103479683989613,-0.2621645925764732,-0.21159969470818465,,,,0.12426243342725536,0.2588041540518326,0.19153329373954397,0.18136135127750072,-0.1486239185959151,0.00590081132223379,-0.07136155363684064,-0.05936534834510188,1.3068557144455777,1.3635488314439312,,,0.6258166723388449,2.664164960334568,1.3673091106115098,1.5797798285287104,2.71302613485017,1.5225746721037083,1.2517550099724373
1933,,,,0.9839845297580002,0.18651593072151276,0.5852502302397565,1.1732347020933949,0.4621276167471804,0.8205515297906623,1.2145522283741843,0.48833259602810236,0.8633210247555193,1.1306829038148576,0.5000441781099978,0.8169887287643817,0.7155129659309598,0.7656095114267469,-0.27892149794508225,0.24351497105799602,-0.017703263443543116,-0.038750189859765874,0.9517439986165511,0.583855533553322,0.7677997660849365,0.8124815159097603,3.77501678415576,3.303499496475328,2.7682183698604446,3.44375,2.59683086142062,0.40501730257841895,1.0680583584882806,0.04093066975690462,-0.17044330067265318,-0.06475631545787428,,,,0.1904449808887012,0.32926805676422266,0.25985651882646194,0.25452371333070134,0.12480345681793535,0.1829678694285162,0.15388566312322577,0.16895263237809935,6.826197937412344,1.7645243667032564,,,0.952340006804691,1.9901499850085256,1.7170843591829232,1.6200989096263396,8.528559000539378,5.670043053915486,7.163069144427304
1934,,,,1.4119482706527677,0.5024930107928959,0.9572206407228319,1.6114593397745534,0.7720913848631229,1.1947061191626407,1.6689008504415879,0.8284780543570023,1.2537433692697741,1.5901931140367183,0.8177384560274935,1.2043055021093636,1.1290364241315038,1.1328946207370705,0.8984521639491688,0.8396916764822546,0.8690719202157118,0.8459346932643099,1.4095411165021872,1.254156748826243,1.3318489326642151,1.3534723596049423,6.987138541217094,6.476762336354483,5.404517239254619,7.3921875,5.092752230507984,1.815556715780328,1.7482086735629363,0.10631916191631878,-0.0850706908519052,0.010624235532206788,,,,0.2122099352165988,0.31294499775709816,0.2625774664868485,0.2609415589779149,0.14719877530629616,0.2677843955765571,0.20749158544142662,0.22269103136533464,12.129057496220412,2.9618451435493927,,,5.173510398345233,2.0288246821455296,5.025991926750475,1.6889995546949048,12.89369018724108,10.03849639810253,12.309178019229764
1935,,,,0.1425558297407483,0.029786610389944013,0.08617122006534615,0.33029991948469994,0.28724838969404193,0.30702495974235405,0.34999486121615986,0.38427416258608893,0.376417528733247,0.27979439705411724,0.3439996577235199,0.3195048375350559,0.2777501058292076,0.26075009184123,0.02664279008520496,0.3492568801237447,0.18794983510447483,0.16547761440546557,0.2950403984751922,0.35572668094108983,0.32538353970814105,0.3443737630608167,0.9660120845921448,0.8746223564954683,0.6444227161983956,0.66875,0.6891456079416861,0.4890119304658273,0.47950163702222653,0.14155082666274368,-0.07378821363349736,0.03388130651462316,,,,0.20708010613437877,0.2270560952574435,0.21706810069591115,0.21585307094785067,0.024631926437513694,0.09564131013775024,0.06013661828763196,0.08439020291037563,1.5912901969391797,1.0211693076375825,,,1.1892559455725615,2.111839403786446,1.131850099486514,1.7784494852268398,2.592371808705201,1.5799738420723637,1.6222547582066158
1936,,,,1.7416898244229249,0.688318132143074,1.2150039782829993,1.9581380837359088,0.9635165056360705,1.4590780998389687,1.9967945279200752,1.0524990574406385,1.5199443963857082,1.9269302854875598,1.0179255676434844,1.4727952535484943,1.4038772877195094,1.4009097218368236,1.473320061939502,0.8410113499729247,1.1571657059562133,1.1417730901075742,1.4815396774394454,1.188543699990346,1.3350416887148957,1.356220175800543,8.622406847935542,7.937613293051359,6.9205190260960565,9.184375,6.27224509231874,6.317970374013655,3.940145400865593,0.2301546892298635,-0.084239294543467,0.07295769734319826,,,,0.19597880093316156,0.28394928682088183,0.2399640438770217,0.23638492088586666,0.1355468355712596,0.25391724104953245,0.19473203831039604,0.20056945839944926,12.36527341861771,3.6685391741461393,,,10.421768842259448,3.6894608650474683,8.71737239781081,3.3533406685443166,14.02623345625032,11.226792979530343,12.743347035473521
1937,,,,0.6541197193106126,0.4001169743356561,0.5271183468231344,0.809285426731076,0.6498691626409017,0.7268921095008044,0.8462061549493067,0.7362257630791565,0.7838197161207464,0.771257941621562,0.6951805766067295,0.7344112111388235,0.6833919461397799,0.6908462229705713,0.6531669653255185,0.6150951492692962,0.6341310572974074,0.6332307304308136,1.2030657334926569,1.0817027791920135,1.1423842563423352,1.1710731861635348,1.7047726945763213,1.452291037260826,1.2996418398940026,1.30625,1.152130681288989,1.5167144653573,1.434098389316177,0.40224083192144405,0.16205092477257801,0.28214587834701105,,,,0.4734552101054026,0.555032803112422,0.5142440066089122,0.5142041964656091,0.2204149427783027,0.4252784637257488,0.32284670325202575,0.333933135546992,3.7892950427800174,2.6011747744867733,,,3.5472658573662255,3.6899667970088292,2.2652424024854323,2.225754320665656,4.658922043250478,2.686351686012471,3.6989368869420653
1938,,,,0.26410904953634934,0.12936665060776348,0.1967378500720564,0.4284883252817987,0.3681662640901754,0.39935587761674657,0.42445686872509963,0.4364227852128997,0.4296987224766872,0.37017174798596836,0.41963437777104456,0.39362108494978576,0.357449680626078,0.364312789219618,0.9280126245410323,0.8635337590043047,0.8957731917726686,0.8995682646020313,0.7738071190228716,0.78643302291249,0.7801200709676808,0.8059863708218838,1.255718601640053,1.0524924471299095,0.8116429962729428,0.8625,0.8410392241160936,1.692898273283914,0.7596583558634701,0.1587810785711519,0.024079888215450953,0.09143048339330143,,,,0.32225157879364347,0.4012530765847848,0.36175232768921417,0.36430597190665936,0.18424611638983338,0.3222410056636176,0.25324356102672546,0.2678241909392023,1.7373714833047864,1.6413302777848444,,,4.010190947832908,3.1454897527615766,1.9314395927220565,2.2775847448160946,3.2652871136031334,1.669614312329514,1.7773992467299011
1939,,,,0.455394917607773,-0.04002809957973925,0.20768340901401688,0.6213023349436371,0.20995370370370314,0.4194041867954902,0.6237826436443878,0.23839356343442147,0.42837632176232854,0.578361337128628,0.21998725482792203,0.3907167730027241,0.38423096781596267,0.3610910340454399,0.5957380830873416,0.408645105961517,0.5021915945244293,0.504495440373188,0.45556449968797524,0.4691880249413166,0.4623762623146459,0.4798782792373945,2.990580492015533,2.6980110775427995,2.0204546539297086,2.7625,2.1846365661903584,2.817414674981113,1.0515303752995535,0.47256338973955125,0.05644074642279786,0.26450206808117455,,,,0.28001178178889946,0.3216797907279075,0.30084578625840347,0.3045220393084654,-0.0398402751368526,0.1592462760118958,0.05970300043752161,0.0671081650495135,2.8002363683515603,2.2822456393715758,,,3.0002021018314755,3.0097729564837348,1.3214204626357726,1.8552449369913302,3.6720962936644166,2.3263341453968023,2.8774157014372976
1940,-0.5943498646109223,0.3842335959336847,-0.1050581343386188,0.29110874181629853,-0.08130052468587987,0.10490410856520933,0.4779448470209321,0.1591082930756849,0.3195853462157831,0.38356488338314426,0.18812046651763975,0.2792150471250819,0.3675010298126999,0.15505265981025254,0.25324611873762237,0.3054141254506942,0.2405303238861105,-0.04351091807120193,0.20189319291705962,0.07919113742292885,0.08256613386044429,0.1560460930317801,0.4981743133385881,0.3271102031851841,0.3321463956272806,1.6503272910372633,1.492573011077543,1.6244041741284292,1.4984375,1.233066251426919,0.723131293056943,0.9801766218813127,-0.019081509957688838,-0.21805257638498116,-0.118567043171335,-0.12037198499442466,0.008961552619009062,-0.055705216187707796,0.014371983339193189,0.10898549263477801,0.0616787379869856,0.06172171655374291,-0.08229416286402035,0.12628631427151582,0.021996075703747738,0.04673277653479605,4.70732790135431,1.655388687902736,0.8102926254039671,1.3463506665672822,2.6558553629079125,2.935149000914068,1.7906009971762908,1.6147728556362193,4.192091309573151,3.116530171178959,4.60684570508918
1941,-1.2548023890454945,0.1905781289643802,-0.5321121300405571,-0.448961872488837,0.0034592080443313607,-0.22275133222225282,-0.3173450080515309,0.21412037037037013,-0.05148953301127114,-0.3155957397575851,0.3172553020529348,0.0030065342963371848,-0.3469905237542604,0.2751553241367673,-0.03151777059378194,-0.0015505574885605212,-0.06129052188558324,-1.2589885625934796,-0.20269930684198723,-0.7308439347177333,-0.7517963921983245,-0.3619228353687766,0.35094085622959603,-0.005490989569590293,-0.01600369828727122,1.729021004172062,1.5410372608257807,1.0101204925748921,1.4359375,1.3124285020214017,0.36425441899234806,0.29495095933773685,-0.07851099583175883,0.021887707915899043,-0.028311643957929893,0.07846202852330027,0.11397589373820409,0.09621896113075218,-0.2530737790454972,-0.030084849878057235,-0.14157931446177724,-0.1418141367195711,-0.17501863032045417,0.0011383175734604768,-0.08694015637349685,-0.07147718784259031,1.4378690845861237,1.1920889753237844,0.7279859335715191,3.1326996751026206,0.5377417367270779,4.097581695294713,0.4119794724976472,2.14482049223692,2.208422222040646,1.2948395575540612,1.4279041215311632
1942,-0.9977541682710813,0.21718265734291844,-0.39028575546408145,-0.30032535717154046,-0.18023346334264048,-0.2402794102570905,-0.19101650563607445,0.015328099838969555,-0.08584943639291528,-0.20733450026262928,0.07700782923736713,-0.06395480267068435,-0.24769109151329574,0.03567061244396537,-0.10063107742030784,-0.03903705125114662,-0.1313846194138866,-0.6487101993929545,-0.1485524275943584,-0.39863131349365644,-0.4317178318054264,0.6309297739875092,0.6530832416033342,0.6420065077954217,0.6425706696538277,0.7906470292044304,0.6125377643504532,0.6097695761424176,0.646875,0.5412379605124007,0.44762278329217325,0.6634867201590532,0.059950882739539156,-0.06010360735489234,-7.63623076765925e-05,0.14285106442882545,0.20560987579929968,0.17423047011406256,0.045199421404217864,0.1994462882496866,0.12232285482695224,0.12019696044981912,0.166368884463549,0.19591452178544724,0.18114170312449812,0.18930177156881284,0.7787354184783121,1.3067330270683155,0.2760033982635153,2.311540710490327,1.0731315933511283,3.3965413320019198,1.4144637371104753,2.6660696393490486,2.0203153917170953,0.8647248198884105,0.7964991177355198
1943,-0.09388963373871739,0.7114944763485447,0.30880242130491364,0.37513840515608854,0.21710382804021308,0.2961211165981508,0.48217190016103,0.40246578099838964,0.44428341384863285,0.5291975784027008,0.5052415712172664,0.5208125785207349,0.47315105961674886,0.45494388274240233,0.4666412628872547,0.47628443771340345,0.4241804371793471,-0.26855969440474253,0.18870934380730708,-0.039925175298717724,-0.06938287662888412,0.7618192796795371,0.48887462129190534,0.6253469504857212,0.6450800733125158,1.3039310890519362,1.09352970795569,0.7476903428285308,0.8109375,1.0023443441142974,0.5910196807497508,1.283784279352024,0.3003224015672036,0.06845606709782613,0.18438923433251486,0.1969977053514666,0.3062310271369498,0.2516143662442082,0.035795735200129006,0.13305721584871064,0.08442647552441981,0.08268729721590468,-0.05306664604610231,0.10711670324743379,0.02702502860066574,0.03227836199641085,1.9645534518833074,2.2461011559043254,1.800891622167479,2.264123775360244,1.1535244651083418,1.8872454394332507,2.851745374670726,2.085750406251123,3.56087553937688,2.038389793193188,2.0372538813032235
1944,-0.5528417728532318,0.31388167770023173,-0.11948004757650002,-0.17349970848856158,-0.49226003075990227,-0.33287986962423194,-0.01897544283413967,-0.3064110305958128,-0.16157407407407298,-0.014156035158368207,-0.20522692750609806,-0.1013757957628063,-0.07680943588770515,-0.25848174456840256,-0.1565318822277794,-0.07236806154353288,-0.17645348612907677,-0.7798664712726441,-0.3100118247178482,-0.5449391479952461,-0.5981823047603152,0.39503529498239487,0.039195449819871574,0.2171153724011332,0.21297104418384194,1.7524996403395194,1.474697885196375,1.5210189318793947,1.628125,1.3901782574167634,0.5454826487597053,2.404060839116,0.5632732115485082,-0.06420448770533758,0.2495343619215853,0.4353387168534611,0.48474457710349533,0.4600416469784782,0.1501654993755199,0.2102807640136359,0.1802231316945779,0.1677745393550972,0.07036895077756093,-0.016742984022503238,0.026812983377528847,0.03989889777569438,3.8996162976580555,3.1739990167755883,1.691454488345132,3.086058134494152,1.633839821899162,3.682249206094003,5.791343272369144,3.866661114742046,4.578251185285205,2.975892107409358,3.870055041909104
1945,-1.5282217071290136,-0.32165282687006047,-0.924937266999537,-0.7753698501231667,-0.6737504591017724,-0.7245601546124696,-0.6560527375201315,-0.5002516103059584,-0.5752818035426731,-0.6722351407207627,-0.42137491580978415,-0.5455400577296983,-0.7432697108963444,-0.47890303825849684,-0.6082236583761178,-0.5280395365150857,-0.6012275863548787,-1.457897848981728,-0.6611716466027324,-1.0595347477922301,-1.0953511313156046,-0.24989403000169486,-0.24827580344871,-0.24908491672520244,-0.2401134914598125,0.48691015681196936,0.3799093655589124,0.3027726353075837,0.284375,0.3672315299516798,0.2727382224256388,1.217823677876085,0.2815751922502076,0.020722391046001654,0.15114879164810463,0.21237689582707128,0.30147915203532144,0.25692802393119635,0.12354640117715995,0.24618611735224397,0.18486625926470196,0.17581356551445662,0.07881572166299877,0.18159161260443005,0.1302036671337144,0.1420996333575719,0.744071462357455,2.9500044735750484,0.6874039341930167,2.6730909652759722,1.0023605079056013,7.732396057300417,2.4280205418540657,4.161812990210505,1.0300181138008695,0.47549579375231377,0.7609607318247102
1946,-0.7922129261866615,0.024900364415126327,-0.3836562808857676,-0.1733721197071018,-0.41300687086873067,-0.29318949528791627,-0.04904790660225494,-0.24391103059581454,-0.1445450885668252,-0.0557143921548061,-0.16763886528315333,-0.10576156394204973,-0.12116247837386693,-0.24487925783936496,-0.1810397213074395,-0.12857271956471686,-0.18714922523342825,0.2580706738805458,0.390868919295858,0.32446979658820185,0.3349248070461287,1.027770433186847,0.6788907100859415,0.8533305716363941,0.8792582088974537,0.443118496139644,0.40118328298086614,0.3449184090008077,0.4,0.39350191330894674,1.0197074143420894,1.1261509233543812,0.3978547004476064,0.055066841463669185,0.2264607709556378,0.2638522222384263,0.3841314629619817,0.32399184260020397,0.37678214398053456,0.33007272686958367,0.3534274354250591,0.356710159536513,0.4190244707675116,0.42062141937252895,0.41982294507002027,0.4274883841877155,0.255574374346638,2.3708500127970673,0.10226388862206034,3.3536539653641735,0.9701298846133868,4.033432152488457,1.6688648407833628,4.044926750263589,0.6203788915162902,0.19858306904913525,0.24620570095325858
1947,-1.1213149426926017,-0.10774541406230004,-0.6145301783774508,-0.22360806323664098,-0.22384607198401082,-0.2237270676103259,-0.0943377616747212,-0.0799617552334956,-0.08983494363929267,-0.09392903986822068,0.010810138042024898,-0.026114602725467197,-0.15222019717754884,-0.075269974221364,-0.10118410813513125,-0.057954462125419715,-0.1139216170931454,-0.4283979958052651,-0.15724070855273306,-0.29281935217899907,-0.3040007920578306,0.13987216632091906,0.285244224505221,0.21255819541307003,0.19091050211361296,2.0745108617465102,1.83257804632427,2.526570247172434,2.23125,1.787043728220357,2.183435663560087,1.7238709494967357,0.39078095541097446,0.05178114540075787,0.22128105040586615,0.17768732920141753,0.2807951163539975,0.22924122277770753,0.0655068912367125,0.15092736810354787,0.10821712967013018,0.11574677908157809,0.13615646849949128,0.262263218842156,0.19920984367082362,0.21115695986915212,5.723207744114808,3.0545476937347704,2.6968457076992793,3.6348317797004426,3.2311141680047952,3.8964968804849747,4.218969834329867,3.8524979538752464,5.200719751689783,3.8605275877447944,5.540158418024241
1948,-0.03207577705674266,0.11070284137304442,0.03931353215815088,-0.08319874132105001,-0.19069264781959785,-0.13694569457032393,0.028005233494364644,-0.06039653784218992,-0.01610305958131898,-0.001807515725001987,0.03560066565318021,0.012866487395135913,-0.02970796101321676,-0.04874171943026096,-0.0448979834590357,-0.006760593386904029,-0.030714826761928275,0.025984618696156946,0.31995431172982874,0.17296946521299283,0.1430782531139399,1.2423114920847333,0.8914342262889445,1.066872859186839,1.0741127116144837,1.6918776674818972,1.3897280966767374,1.6567222763462126,1.659375,1.3338473679325715,1.3279137520767286,2.24736024996933,0.4017163311586811,0.06661815811253086,0.23416724463560598,0.2470957607410092,0.28647294869898154,0.2667843547199954,0.21484656221163057,0.31965052658012494,0.26724854439587775,0.2576960240173114,0.25301146030861255,0.34476048449379365,0.29888597240120307,0.3001166918855557,3.9851623046933833,1.9264406849300053,2.13522869210244,1.525383219337466,2.8936746795226553,1.8828626071250483,6.273640038390091,2.22657273056472,3.6664415930408643,2.215553335702419,3.857718304721686
1949,0.13835809627184045,0.33458270512124877,0.23647040069654462,0.17992438300438884,0.15001716591305492,0.16497077445872188,0.2762540257648957,0.245098631239936,0.25992351046698714,0.22498418048276214,0.3401956678968845,0.28255002568208676,0.20392987872638388,0.2736501988107977,0.24166541986297882,0.22489063647971577,0.23816215937792193,0.5432283173368935,0.5511751621711067,0.5472017397540001,0.5478496151980783,0.8725509564096056,0.7663445333603446,0.8194477448849751,0.8239377765999416,1.1295568982880169,0.976963746223565,0.9584356578856504,1.1265625,0.9190092446957235,1.1437594604893018,1.5154086494554369,0.18720949085720476,-0.005139546967422275,0.09103497194489124,0.060584651741112244,0.04986874091404782,0.05522669632758003,0.09541754987315473,0.07719442270715623,0.08630598629015548,0.08357912261734367,0.14525024144613752,0.14792537172595382,0.14658780658604567,0.1534002093472833,1.7386922178650477,1.2298171058668665,0.9479231130806625,1.5106635775674164,1.145697080965429,1.5897418247603379,0.9920684471722762,2.4350719384166,1.9766306165362901,1.2328214535418163,1.6488814330479165
1950,-1.0392508829925473,-0.905602419493602,-0.9724266512430746,-1.0186234477361475,-1.0257020605455553,-1.0221627541408513,-0.9131783413848639,-0.9399859098228667,-0.9246175523349425,-0.9486626948373533,-0.8443498120080607,-0.8925590673247118,-0.9793767715359106,-0.8898264677729758,-0.9295931571226875,-0.9385583124921584,-0.9321099172103782,-1.155594620217939,-0.826594452320186,-0.9910945362690625,-0.9719453378728905,-0.199942211744053,-0.28233443951671966,-0.24113832563038634,-0.21602766033023765,0.4379405840886205,0.3557401812688822,0.5449351737308856,0.3390625,0.3288351957314467,1.077184484545102,1.403117174020469,0.10602494870847617,-0.14893121679365687,-0.021453134042590347,-0.1642241016242743,-0.09489950779391355,-0.12956180470909393,-0.02868795169101702,-0.02367742231145141,-0.026182687001234217,-0.01942227158404044,-0.0026441450121555896,-0.003504293807467674,-0.0030742194098116317,0.02012918729160471,1.9081831957879545,1.8387481430102206,1.0507038233751993,1.0511269208432645,1.5697131835392788,1.9578182236200719,3.003094350459801,1.7114461803372862,1.8785356103511086,1.2372635175538989,1.8009889770485865
1951,-0.4047927581695166,-0.21950965515048299,-0.3121512066599998,-0.48755949332601234,-0.3761077510320826,-0.43183362217904747,-0.3835889694041878,-0.3121477455716591,-0.3476851851851825,-0.4276597280553107,-0.2475202804928148,-0.3396673847929616,-0.46109665337540234,-0.3106444097842497,-0.3869216007254528,-0.3371798397903891,-0.3936100284565395,-0.46189619363819423,-0.2701162858616198,-0.366006239749907,-0.36412714956591113,-0.5979074599698995,-0.29634894669958045,-0.44712820333473996,-0.4570467930571511,0.8424003740468998,0.7175226586102719,0.7121000115517799,0.5734375,0.6544382415055778,1.0433349515652055,0.32623682892027817,0.4375461396498516,0.08453394260864011,0.26104004112924584,0.051062873747780554,0.08572129294466692,0.06839208334622374,0.030223912755143748,0.04170726409303553,0.03596558842408964,0.03665393716056791,-0.04426460445166885,0.0261719355892552,-0.009046334431206823,0.0026692671328401108,3.2071891736168956,4.549487262308387,1.858763796870153,1.405409396378269,2.308900397209728,2.5283974972559444,0.9340289032382815,1.436385334330518,3.399666559800122,2.0841816953518384,2.994019095679213
1952,0.8128342357991154,0.551945893697807,0.6823900647484612,0.7792126636706691,0.3102713076160322,0.5447419856433506,0.8889955716586103,0.4080817230273745,0.6513486312399368,0.8859004510617194,0.440717961279273,0.6642206963071792,0.850722995689919,0.39655262301079647,0.6251547372111942,0.5992109758098931,0.5882507564404048,0.740862932795835,0.515831179565825,0.62834705618083,0.6434768870230901,0.6869489179661344,0.501510016607483,0.5942294672868087,0.5934493923290249,2.6285246727089597,2.3242698892245723,2.1357141535462616,2.7,2.096898979547855,1.9251976675120324,0.9015964020119387,0.5339519701959926,0.2527458778200357,0.39334892400801413,0.34411053152748994,0.41176130837753416,0.3779359199525121,0.2750883157535265,0.13299482645732078,0.20404157110542365,0.2049998372746939,0.13573679724944243,0.14255906845878838,0.13914793285411542,0.1559807636163828,6.371754109659675,4.402007922972042,4.509712935507771,2.54087177414019,2.95762978359702,3.1814996388306676,1.7659922246874127,2.1837892925834956,6.594638568760697,4.753195957602415,6.412522379314831
1953,0.49985303616243254,0.3682756201670505,0.4340643281647415,0.5082560556677818,0.18783673379007226,0.348046394728927,0.5915318035426703,0.2592290660225444,0.4245974235104693,0.5622689992600604,0.2791966169669084,0.41546178172564047,0.5311026144112256,0.23356792536561843,0.3782995175191673,0.4053480428663961,0.40036902839255384,0.10510124549051654,-0.06999128430431067,0.017554980593102933,0.02142479358273675,-0.24270572215422398,-0.04588772571368765,-0.14429672393395582,-0.16647353660080166,3.4259477053661307,3.141490433031218,2.8527783523744166,3.671875,2.8051956320496156,3.707931993535534,2.74468613383597,0.42544946761771035,0.3562030002296907,0.39082623392370053,0.2512986641594161,0.454214314222284,0.35275648919085,0.1702296534141689,0.22404893350182822,0.19713929345799858,0.19860211236818648,-0.16789496281382058,0.046741681409458294,-0.06057664070218114,-0.05900487851375116,9.46817236968956,4.843637734720563,6.070366357516871,3.240478140315419,6.941645846623374,3.597897425729167,4.162785439398974,2.0609210851072883,8.136199966388206,6.15517530466951,9.329978414913471
1954,0.48522166308829734,0.34368669237374755,0.41445417773102244,0.5480403930603718,0.2182802787050793,0.3831603358827255,0.608258856682767,0.26997785829307636,0.44198872785829324,0.616343640459318,0.315120915942655,0.46329944561927383,0.5883574744793069,0.26005919367790925,0.4264488970644754,0.4062107000027421,0.40705275897440807,-0.06658963450892118,-0.1541129678098726,-0.1103513011593969,-0.09612382356191151,-0.6958674656361401,-0.5129243622582653,-0.6043959139472027,-0.621920812730707,3.029851819882027,2.7654078549848937,2.386968602270272,2.446875,2.455268544108024,2.3587854681351264,0.7954412619697395,-0.07863552879504897,0.02909531950240831,-0.024770104646320328,-0.08595766236880606,0.07502602949775558,-0.005465816435525239,-0.13049152874628,0.00576654646765669,-0.06236249113931166,-0.05827288245736961,-0.6901822257638984,-0.40087277199176263,-0.5455274988778305,-0.5509301932207744,6.962462968680891,2.2338086707818197,3.8111196038042983,1.4091715814629577,3.2513624345964884,2.106782719972262,1.3173354300073108,1.4425961501777766,6.952210839319524,5.07929664498679,7.069715512019417
1955,0.03244585457020654,0.23952898183632912,0.13598741820326782,0.0674502648091824,0.12054146669788436,0.09399586575353339,0.13434581320450512,0.15385466988728008,0.14893317230273764,0.11345458441689986,0.20409610168926062,0.15549907241969033,0.0817996871814631,0.1597837361491472,0.1213385752004027,0.10092909324662332,0.13610184028023828,-0.47815246740319034,-0.3220008937980743,-0.4000766806006323,-0.4049670732563576,-0.6250049150439202,-0.26716933818369926,-0.4460871266138097,-0.45919154482373875,1.760164005179111,1.4881671701913395,1.180445190239823,1.6765625,1.3266670736576625,1.81355463815228,0.9786642932543641,0.3119958164103133,0.2697415511981628,0.290868683804238,0.21333793404324525,0.32295018646061957,0.2681440602519324,0.21979918665080034,0.23332791924089663,0.22656355294584848,0.22951849384268408,-0.1074029730677895,0.002706993834067044,-0.052347989616861226,-0.027971036498194428,5.300946674073594,3.4208941996485716,3.559107613591395,1.8833590863292187,3.537468749973617,3.8724170640880926,2.0167598010731758,2.3780083190394232,4.218537842724213,2.9950795739443383,5.209825660881595
1956,0.26248901404530267,0.08939527010058244,0.17594214207294256,0.31749755959707354,-0.10778570675359728,0.10485592642173813,0.4027033011272123,-0.05943035426731219,0.1726650563607123,0.3914821589070424,-0.028124534315830556,0.1790873123154091,0.3590301434779748,-0.072012689250343,0.14285165157298962,0.1650788204559722,0.14144133831579964,0.34690530211944454,0.2021100699335865,0.27450768602651554,0.28353484918805977,0.3273813064348189,0.18016741883194132,0.2537743626333801,0.26961388897252453,1.5669136335299492,1.3815961732124875,1.5875444552592706,1.5296875,1.2443450615822689,1.5808312285476067,0.5097012795919761,-0.15123857772546043,-0.20265565110757897,-0.1769471144165197,-0.14341438462375813,-0.13399888684249575,-0.13870663573312694,-0.2104731675165531,-0.2488700339460022,-0.22967160073127765,-0.23141607403717368,-0.19228016515942542,-0.20593911480477384,-0.19910963998209963,-0.19876412604920451,4.847500216734513,2.273174570383221,2.267379268361601,1.53021037241494,2.5236068257350235,2.8033680139256907,0.8826088343892271,2.3627823951139297,4.453167630832539,2.734556535618105,4.869820577111378
1957,-0.06193737154902087,0.25512428020644634,0.09659345432871273,-0.018027631902993994,0.14818005857203403,0.06507621333452002,0.023778180354262112,0.16339573268920934,0.09283413848631407,0.03643027315772928,0.23623159759457427,0.13699424150612197,0.004729630815617237,0.18858201698215907,0.09665273802930019,0.12320509237311175,0.08913297330279776,0.4385145434398961,0.7194405593430987,0.5789775513914974,0.5713917871031401,-0.014497679649075765,0.08917619672852876,0.0373392585397265,0.02328676527777219,0.39104085743058575,0.3373615307150051,0.2679476282420454,0.2765625,0.3086080502659612,1.8087638489349622,0.3091689929286719,-0.25724017866526355,-0.135824793830571,-0.19653248624791728,-0.22070036569675755,-0.15041623314127786,-0.1855582994190177,0.0020394074544108883,0.11839436399502902,0.060216885724719955,0.06679681526438469,-0.25606066267376054,-0.24209556064671986,-0.2490781116602402,-0.24481821760642208,1.0262670598290287,1.9382252702019582,0.5406935509757639,1.1893575334250257,2.62335521470913,3.254230355609692,0.37902841275373694,1.3789998304886086,1.1339541068927936,0.5608016829518013,0.9352393845356016
1958,-0.19144534484753736,0.13703026832310378,-0.027207538262216793,-0.2166972419286626,0.05525313847598625,-0.08072205172633817,-0.1755575684380077,0.06720008051529758,-0.055897745571659344,-0.17465150526417003,0.11643240497824159,-0.039531533923025844,-0.20908029694625133,0.07159090012115703,-0.07577625577987371,-0.0024617717849170556,-0.05522382446589701,0.3496846104258184,0.4091143284995072,0.3793994694626628,0.3992395358876212,0.2917649538003868,0.3151769379077248,0.30347094585405576,0.3078177903942748,0.5925226586102721,0.44070996978851956,0.49707593767121816,0.4125,0.4126254905166871,1.997885919360849,0.6583152822777808,-0.0937204079669585,0.02929383533166007,-0.03221328631764922,-0.09896428995839819,0.02942016438888444,-0.03477206278475688,0.18056073146071994,0.21395203520063213,0.19725638333067602,0.19786557484041084,-0.05013119780986418,0.01611867558695659,-0.017006261111453792,-0.02234986159632037,3.1981842705681918,3.1137051213594655,1.139834861573853,1.4349912701357268,4.543115167806575,4.1266407131336695,1.3938312871387495,2.9844654407209377,2.4415987063982243,1.6733988827834174,3.3025847385115696
1959,0.40784063720984565,0.5465880212851298,0.47721432924748775,0.4893198811896442,0.3988881131603404,0.44410399717499227,0.5301187600644149,0.4243256843800312,0.4745974235104686,0.5148954090770896,0.48047434649172593,0.4946548820711624,0.4793690747677623,0.43501836452363385,0.45491473387600545,0.41316559540188225,0.45184609068294707,0.7914218263997459,0.8258708109209876,0.8086463186603667,0.8168020709996504,0.2708391744027189,0.37664655130332714,0.323742862853023,0.32810065604660443,0.9421198388721046,0.8231369587109768,0.6728224386307589,0.81875,0.79411892480445,1.7851251390209846,0.8393736384006558,0.0011722108495570154,0.17317017779989222,0.08717119432472462,-0.04842929463190678,0.19665526651362583,0.07411298594085952,0.08110534227078894,0.2887437941121634,0.18492456819147618,0.18837403945647052,-0.06214758400868158,0.11741861925305447,0.027635517622186443,0.02747178222820451,2.2562347239829963,1.7973587170477556,1.136500069089535,1.0658333997037015,4.569872060347977,2.539226685229816,0.8773044470681592,2.237597940533478,2.0666750394666797,1.2929394672810617,2.221741573148713
1960,0.31878410908915056,0.1925104127636676,0.2556472609264091,0.3034834932536093,-0.014694597954693812,0.14439444764945775,0.3653844605475033,0.017803945249597556,0.18987520128824756,0.34238860493620293,0.041047743868561706,0.19348992607790738,0.31435956155745937,0.006105664461208401,0.16007801373911934,0.20797607258974124,0.17719123324253766,0.7248515570573355,0.35277020467722314,0.5388108808672794,0.5545978894114867,0.8235200986913225,0.48484863173397363,0.654184365212648,0.6686215012149362,0.7180513595166157,0.6146777442094662,0.8648354655793806,0.628125,0.6116192146995191,2.794744667871529,1.5240484036700452,0.04736383566464855,0.025230750389990415,0.03629729302731948,0.045929063470734825,0.11904913752750766,0.08248910049912124,0.13783884645788474,0.09584059145746728,0.116839718957676,0.11302226140558977,0.22490555135889947,0.08115072434788607,0.15302813785339278,0.1578309269013526,2.8674494768233214,2.18610773078859,1.7055648357539432,1.010293464805789,4.143754396980874,2.515947630922333,2.5801708472798466,2.6266351858570047,2.5488075725410626,1.634456833334827,2.8449471657714063
1961,0.20960479705394783,0.20601746062541454,0.20781112883968117,0.2601007806967096,0.15264396974457678,0.2063723752206432,0.2979327697262432,0.17184983896940287,0.23963365539452877,0.2842240612633852,0.2003600171456379,0.24399790415709893,0.2566102562490309,0.16211809295807159,0.21117982188622778,0.2396289437902497,0.216149270829354,0.8904279687828628,0.7497582723213827,0.8200931205521227,0.8278252826950713,0.657507887836669,0.46210560962550173,0.5598067487310854,0.5901182999220506,0.8428139835994817,0.6981369587109768,1.022262043962372,0.7859375,0.7135348515540011,2.7087931029751333,1.3654777432727747,0.26661083870940444,0.18889174175222437,0.22775129023081442,0.24873605855571507,0.28642655449920185,0.2675813065274585,0.3844265669889623,0.3576172611540534,0.37102191407150786,0.36806272092863623,0.4433418322596229,0.2987607398343746,0.3710512860469988,0.3737862697842874,2.52532662672209,3.0267334676515807,1.3823078396299797,1.4683732685951012,5.360670579836116,3.771347060161688,2.5434485381197995,3.856308221036375,2.288058400556277,1.7279965893500346,2.4625055277815426
1962,-0.3064838592992758,-0.4058894684105324,-0.3561866638549041,-0.31429243020454567,-0.48511471376716075,-0.3997035719858532,-0.2867894524959757,-0.4654690016103059,-0.37600644122383303,-0.30652647665912847,-0.4415782377811202,-0.3762535265902292,-0.3224034945203281,-0.46293368031883575,-0.39197425163912575,-0.3545005488617364,-0.3824139692252299,0.3885414888232491,0.14536357153827026,0.2669525301807597,0.2810417463281372,1.071026895348686,0.5017861950143534,0.7864065451815196,0.7987584536591276,1.1883865630844497,1.0594159113796577,1.2304077805233926,1.5,1.1061255282354587,3.5529905185323103,5.560829818071416,0.11758136768868101,-0.08932403082030702,0.014128668434186996,0.08747005454960441,-0.05155765289051284,0.017956200829545785,0.19898810180528778,0.09482347361234675,0.14690578770881726,0.15125514821976496,0.2983270899788206,0.17692336810120624,0.23762522904001343,0.24275697144505862,5.9498028093543525,3.238700731217295,3.680576288441767,1.376813324730432,8.943402972710487,3.9672693372148777,13.861843119535756,5.16062673916014,4.510453037155035,3.3700873342101585,5.886651128920312
1963,-0.036882609442195735,0.05343556939520358,0.008276479976503923,-0.02077547262137921,0.046321784379706826,0.012773155879163807,-0.012212157809984834,0.05391505636070794,0.021880032206119275,0.0007870069461319585,0.06473739680547742,0.03307506488043327,-0.012334077119328886,0.05092797786473723,0.021539203629324082,0.06129364163614251,0.0357177098944806,0.4077855798804467,0.2517827306153562,0.3297841552479015,0.34024129559963895,0.7648819669401531,0.5937754817857083,0.6793287243629307,0.6776331865939739,0.8288915263990788,0.7356495468277945,0.6436865658054872,0.640625,0.7792933829867775,2.87446735543844,2.2577787493402277,0.041333029253239284,0.1448833656725111,0.09310819746287519,0.10284878814099076,0.14797373141241832,0.12541125977670453,0.0866445539488303,0.13901233935956697,0.11282844665419864,0.1135711913584142,0.16465993944819515,0.28399224932425016,0.22432609438622264,0.21425488483375432,2.8985824116325847,1.9371460328267516,1.6680253728521328,1.17868945031172,5.794810793614999,2.50542881463214,5.4218965064705955,3.7409102180076497,2.463246923319284,1.4629384113911548,2.6793368385340464
1964,-0.1408988833431942,-0.1526166411690827,-0.14675776225613846,-0.1943265312998504,-0.13147814667062177,-0.1629023389852361,-0.18026771336553862,-0.09753421900161126,-0.13693639291465162,-0.1835639855980375,-0.09117563538969878,-0.13522828084955743,-0.18009408780490943,-0.10598744708359836,-0.14118331444561283,-0.15112862588944792,-0.1470792692798959,-0.5286068971164906,-0.5273633886543935,-0.5279851428854421,-0.5071669815512524,0.13137420740617198,0.03545456336396099,0.08341438538506649,0.09261743461406438,0.7651201266004884,0.725,0.4711257831094858,0.4859375,0.7770558483476774,0.510938993113817,0.7877339882107862,-0.1867513923339417,-0.05598434512270109,-0.12136786872832139,-0.08750154660215424,-0.05725152219777926,-0.07237653439996675,-0.23150090321314312,-0.13743958577618087,-0.18447024449466198,-0.1771202142046787,-0.3351191120877974,-0.15254931927255258,-0.243834215680175,-0.2410004824463519,1.1451913653987018,1.1986611130680016,0.868172561064889,0.9996780700614987,0.3248374252590934,1.1999010222987958,1.1305063150003132,1.531081606451444,1.5519557323482718,0.7979195669549249,1.1999304215006323
1965,-0.80786410384386,-0.573415399638683,-0.6906397517412715,-0.9056385670113872,-0.4425666542566663,-0.6741026106340268,-0.9080454911433202,-0.4283917069243157,-0.6727455716586139,-0.9072306006172657,-0.4169350704655287,-0.6584277345161657,-0.9075001530983053,-0.41787229602834053,-0.6594601283022575,-0.6432700040871923,-0.6553598671407148,-0.6779796662082159,-0.4237754297000252,-0.5508775479541206,-0.542808143882011,-0.49355782924156205,-0.25713698486595843,-0.37534740705376024,-0.3895398752511706,0.3644511581067473,0.311178247734139,0.30614302612312605,0.296875,0.3376201951454508,0.3244811663363357,0.4672100743257919,-0.23499886769803022,-0.33479989968484875,-0.28489938369143947,-0.2271012943378048,-0.22076542442004196,-0.2239333593789234,-0.18050131441190223,-0.2661953909352074,-0.2233483526735548,-0.21324809098734057,-0.01371488756245703,-0.07674573665619,-0.04523031210932352,-0.030572979503870272,0.43434047517871854,1.6045297218153665,0.41554484697205957,1.0607301390888193,0.31428116073678486,1.6007371668863286,0.7056931264041897,1.980189317542057,0.5582674561175407,0.3012810799641767,0.41281586379706875
1966,0.08747441233967333,-0.06504230431752683,0.01121605401107325,0.013241532649555911,-0.07119001987629481,-0.02897424361336945,-0.007260466988731768,-0.09010668276972601,-0.050402576489531684,-0.012842674808884463,-0.09343931635203159,-0.04898141847199117,-0.014322956896887123,-0.08568540198511458,-0.046472991856651644,-0.07615673114628656,-0.04252020609891708,0.40181131004686027,-0.03805090316794376,0.18188020343945827,0.18821735580336033,0.057672724614918534,0.03324791255742983,0.04546031858617418,0.026005814693129844,0.6689217378794418,0.5483383685800604,0.6443719762715,0.4671875,0.6035486766957785,1.5225790304767834,0.9221859563178276,0.17149444193919292,0.1466436208434497,0.1590690313913213,0.2351053900297351,0.15415076433869343,0.19462807718421427,0.23938400829282933,0.12014937616523297,0.17976669222903113,0.1846004015771932,0.4008934259976458,0.4458180354203542,0.423355730709,0.4064061070284117,1.9801773590333533,2.2178056911294006,1.8601475236241707,1.6305427892696625,3.6484299359556913,3.8568782468101337,1.138005851154128,3.9565272661011246,1.8489255319633249,1.2106348580730955,1.9236503491665042
1967,-0.6826507688542861,-0.504464875218419,-0.5935578220363525,-0.6763947119402977,-0.34399242406539665,-0.5101935680028471,-0.6973570853462178,-0.357497987117553,-0.5273349436392896,-0.6805595454939158,-0.3645829285161519,-0.5189553098402376,-0.674356177358537,-0.36487287780292293,-0.5194004760105797,-0.5388706979077516,-0.5124528645516334,-0.27573296331658154,0.10767542294801671,-0.08402877018428241,-0.0900595925089585,-0.58426073058675,-0.11868905599370155,-0.35147489329022574,-0.3687827055666533,0.7900949503668534,0.6907099697885196,0.9163080982368118,0.7984375,0.773331939760918,0.792583107768994,0.590074065260604,-0.19520964727984397,-0.16791811362684766,-0.18156388045334582,-0.1284338991342461,-0.18991713241312821,-0.15917551577368716,0.038345023122478415,0.05509838866851892,0.046721705895498664,0.039898971707516585,0.15283466445908328,0.23706733443794847,0.19495099944851588,0.1801294102638201,1.7736767950646133,1.3838787428769055,1.2004058958259332,0.8763463894212208,1.7581653095533516,2.302639174494429,1.6592490511177396,3.490110783628762,1.6354283002063297,1.028041651636044,1.744905904881446
1968,-0.620205645982161,-0.3685599818907853,-0.49438281393647315,-0.6159820266681193,-0.16863914013351095,-0.39231058340081515,-0.6278522544283452,-0.17658011272141802,-0.4058373590982285,-0.6223730317711715,-0.1753174627775464,-0.39307779599931175,-0.6113163075239747,-0.1810506080929698,-0.39305669030073004,-0.4383531161651428,-0.41576754832406815,-0.44813441318414216,-0.16637028039577376,-0.30725234678995794,-0.3089777381803521,-1.2685723500527881,-0.7145826863797381,-0.9915775182162632,-1.0168175942385147,0.46718817436340077,0.3690835850956697,0.26998937922877947,0.3140625,0.42265564912133274,0.7887454910255898,0.07806909397766996,-0.2664151137892709,-0.28893911339746037,-0.27767711359336567,-0.23227869674851256,-0.32852956061863253,-0.28040412868357256,-0.2471085514407738,-0.18285445204767362,-0.2149815017442237,-0.20481986214123657,-0.0021123098883053977,-0.05994692182322585,-0.03102961585576562,-0.034893558398577745,1.7586606086007217,1.9600703256851113,0.9937182356345902,1.2131665243364373,1.7966583444628388,2.2939227318591167,0.2014605657274992,5.168197676056002,1.8444532850889095,1.3659442476206647,1.8553933717068727
1969,-0.02400166385697149,-0.01161106270350321,-0.01780636328023735,-0.016859112912350028,0.12952658477938242,0.0563337359335162,-0.06426529790660387,0.09268317230273683,0.008776167471821918,-0.06257267007920189,0.09730058008466233,0.01689797821814387,-0.054870134225056114,0.09941326606761264,0.02034845029548583,0.027604822463369826,0.020907060268731608,0.44322460142614206,0.22816614615270958,0.3356953737894258,0.32624040200439575,-0.7592642631470331,-0.42355243558990396,-0.5914083493684685,-0.631838587157566,0.5946518486548698,0.48992950654582074,0.7921679320410808,0.46875,0.5713943548076844,2.580728765553183,0.8563314436936718,-0.2514183350634469,-0.19268489023476823,-0.22205161264910755,-0.22583968070243865,-0.2842941300297354,-0.255066905366087,-0.10617996372160841,-0.15045931056879827,-0.12831963714520334,-0.13292958133406593,-0.238165385656052,-0.23807744049620005,-0.23812141307612603,-0.2506903638893384,3.3027618160030072,1.8156856077012762,1.3074907536705433,1.3856216430982777,6.189580359842005,3.963747300689501,2.1187578758630186,3.867404987073345,2.296209963156893,1.3762803576171634,2.895610728227074
1970,0.5311881908678423,0.18660856433161382,0.3588983775997281,0.4858284629261895,0.33102029679648975,0.4084243798613396,0.44908011272141307,0.2786735104669885,0.3640297906602253,0.4370438422780979,0.26179055788488975,0.34997319335600574,0.45631946959368325,0.27610629642291107,0.36514411856316803,0.3258759967957593,0.37146291615537863,0.6749146308944886,0.2663364338049535,0.47062553234972104,0.4874648469168509,0.20281550096538473,0.19192987836751899,0.19737268966645186,0.20080919710448003,0.5896525679758308,0.5231621349446123,0.39773560128110086,0.41875,0.6114057641926257,1.3229673823381851,0.5376768789901486,0.15329335187938178,0.07760986489975703,0.11545160838956942,0.1681575966884753,-0.00875460495663257,0.07970149586592136,0.0530079484219952,-0.05009103638091509,0.001458456020540056,0.0006009830259409396,0.4044789088575492,0.20247320015308887,0.30347605450531906,0.3093410516219939,1.6707088303282835,1.7567108988753148,1.2228746753106676,1.2721839218857662,2.286911646430014,2.735805018705171,1.0641117997572918,5.511156416020189,2.0321050932331888,1.3195361586892158,1.6497228691258237
1971,-0.0025263814516513616,-0.16243915284397722,-0.08248276714781429,-0.014371930362490803,-0.016972479116802025,-0.015672204739646416,-0.061245974235105125,-0.06377818035426606,-0.06326489533011082,-0.0596966757713955,-0.06477225022405224,-0.06108566425424069,-0.04078858484086097,-0.04841191866783763,-0.047409275679849525,-0.055056346402945065,-0.05559859933679707,0.24870522025197003,0.06442927251074929,0.15656724638135966,0.16194143344881387,-0.5049636433264084,-0.22061401322168125,-0.36278882827404485,-0.36505807560731973,0.4390105740181269,0.3678247734138973,0.4263578442180551,0.328125,0.42706188991923444,1.365628165950338,0.5181444594563197,-0.1348040554970142,-0.14765678999932993,-0.14123042274817207,-0.10172158194403343,-0.158917888514632,-0.1303197352293327,-0.25153385029639086,-0.2751335411585131,-0.26333369572745197,-0.2652980231122092,0.24419689186848292,0.10738374062563089,0.1757903162470569,0.18107275011697516,1.180722775684059,1.2295598444311893,0.7213425500045696,0.9966258124417492,2.235510762354808,1.724113913637368,1.0554019481097883,4.147307570126247,1.3183655707326347,0.7597524934500417,1.0828604306684904
1972,-0.4966878163090283,-0.3787243656501338,-0.437706090979581,-0.4845928768887914,-0.21775893284133155,-0.35117590486506145,-0.5196396940418695,-0.25490136876006364,-0.38711755233493966,-0.5058959281063293,-0.2659736357475457,-0.3855246685180342,-0.489270280933855,-0.23273393522056146,-0.3617668156711183,-0.3926374824650183,-0.36814197491600353,0.15629838436597443,-0.004809254157958037,0.07574456510400819,0.08580826668848858,-1.0169584082391978,-0.5622536323725038,-0.7896060203058508,-0.81094209159441,0.4745486260969646,0.39652567975830816,0.3916462937742224,0.3109375,0.45689083478257825,1.4267044416275683,0.612352437044794,-0.2685942115665629,-0.296550151857361,-0.28257218171196197,-0.14960863175491748,-0.20622076086124969,-0.1779146963080836,-0.011712991777373671,-0.0398648144486286,-0.025788903113001135,-0.026887755582542524,0.01136694676584584,-0.07919747814432428,-0.03391526568923922,-0.03515854911759937,1.8790959407326027,1.5407029383432764,1.259807201554185,1.5060811323280077,3.818591087010285,3.753829451503876,1.0965805210213604,4.6192257546859015,1.8361733372026112,1.1768265169986334,1.7626266521577414
1973,0.16436038333440645,0.096245461563783,0.13030292244909472,0.138570954954708,0.1990418329763265,0.16880639396551725,0.09177334943639066,0.15608896940418612,0.12495974235104647,0.09597203669661826,0.12186606480440758,0.10722448094605151,0.12148744219128772,0.15431576318350487,0.1380425859611026,0.1063110155517709,0.13154209771171427,-0.24114519708370571,-0.18888932384396462,-0.21501726046383518,-0.23289077466015703,0.7182847775351411,0.28850896114150815,0.5033968693383246,0.542733274304294,0.5003440751930177,0.4052114803625378,0.29334384702417454,0.3484375,0.4634683798156596,0.277021055597695,0.6851928676926047,0.0244623748310461,0.19885559756808024,0.11165898619956317,0.09262486325232658,0.10829132494171212,0.10045809409701935,0.059338264951867885,0.04738075185843831,0.0533595084051531,0.04071347420672928,0.06072416502250532,0.0550978833258916,0.05791102417419846,0.04856020300029567,1.7898713100147023,1.6125074954125425,0.9901265207401007,0.8897079064071518,1.4464532269461343,2.2995604484724845,1.8356597916406985,2.4116166423352983,1.4566108573715728,0.9731205972482874,1.8277558060454433
1974,-0.05815053271287719,-0.3717340226818513,-0.21494227769736424,-0.05959391026477253,-0.29905152234956967,-0.1793227163071711,-0.10496578099839478,-0.3623289049919482,-0.23162238325281698,-0.09924487877459212,-0.416831805777199,-0.2593268776202818,-0.07526259619705841,-0.3689278299587138,-0.22038777290939987,-0.21336642693333283,-0.2243856775311348,-0.5746859638797556,-0.6268117570709414,-0.6007488604753485,-0.6052206495782666,-0.5319111666922234,-0.7042616114762583,-0.6180863890842409,-0.5960967332509629,0.5199413753416774,0.4534239677744208,0.4146626874474728,0.346875,0.5156231039370734,0.40836542701055606,0.3855242399444148,-0.2202601849569166,-0.1688984502745778,-0.1945793176157472,-0.18290932846158495,-0.24205560286337946,-0.2124824656624822,-0.2359558099477926,-0.27734121511975285,-0.25664851253377274,-0.25179906933291013,-0.30669617646040476,-0.315220454302625,-0.31095831538151486,-0.3081695683976468,2.7536933421510534,1.2867440729171922,1.4211470385906848,0.7106314234504923,1.158266153834927,1.404707362222838,1.4091135296845347,1.0312455770725446,2.442850156506744,1.7977238246238645,2.7073828565290072
1975,-0.39136540976688566,-0.08364923372840946,-0.23750732174764755,-0.4715143783396892,0.02671002946900542,-0.22240217443534188,-0.5386614331723036,-0.021688808373589823,-0.2800523349436371,-0.5371786907160923,-0.09353199819987677,-0.31564744691555174,-0.49876632198636195,-0.04058955559673736,-0.27013859207475194,-0.2459084005085996,-0.24958275127290594,-0.8722478033579677,-0.3011462347179466,-0.5866970190379571,-0.6240778753299918,0.06008314327231101,-0.09263866871966861,-0.0162777627236788,0.0016727535169639574,0.4025427995971803,0.38519637462235656,0.1864259207874228,0.225,0.4380188549564534,0.35857792563467666,0.7893779376719575,0.08838467310927481,0.13424521428981473,0.11131494369954477,0.10838622009934565,0.09435965424849145,0.10137293717391854,-0.03978716122602826,0.0275507517244632,-0.00611820475078253,-0.015772228360333283,0.18829263996187234,0.12204293443857483,0.1551677872002236,0.1535886727795732,0.7335680698589189,1.520918386171749,0.25292119261285606,0.7252576242420425,0.8920942942813007,2.1069920001928857,0.7796665484263525,2.674690719495833,0.8298971578152542,0.4778688765461702,0.7436799094602233
1976,-0.43117953542573134,-0.6930858372660644,-0.5621326863458979,-0.3852741569051343,-0.5453402801593088,-0.46530721853222157,-0.4552073268921107,-0.5709641706924329,-0.5157407407407405,-0.4121404102512171,-0.6306171313412533,-0.5206459005323844,-0.37848238170472503,-0.5666454354384397,-0.47068145123600524,-0.4722600129733051,-0.48579791084146356,-1.051232895827653,-0.9032097368072362,-0.9772213163174446,-1.006958945812133,0.26828833119578727,-0.23570589316094093,0.01629121901742317,0.03671599152830517,0.5720040281973815,0.5161631419939577,0.39382069636701733,0.4203125,0.587833321417092,0.189017992763183,1.2053012911085301,-0.48064612843604015,-0.4006107843809343,-0.44062845640848725,-0.42402905048228606,-0.43385252125908685,-0.42894078587068646,-0.4458772956241667,-0.40810043269714125,-0.42698886416065396,-0.427809071844674,-0.4122494146258682,-0.4040252436705072,-0.4081373291481877,-0.4124942036067921,1.2956541769022447,0.9354358925727159,0.7363947080197492,0.6115789639967663,0.29984738583716214,1.0399046442190707,1.3680556393862184,1.0757721156355649,1.1885871534815906,0.8205605564568076,1.3712163397092012
1977,0.3361538296076929,0.42647357280654463,0.38131370120711877,0.40267051885762367,0.5846444120566109,0.4936574654571173,0.33591586151368336,0.5485406602254435,0.4423510466988721,0.34839828002788203,0.4735788152020674,0.41508013157528234,0.38793647236566636,0.5434509651882564,0.4682624068771695,0.3804935052245027,0.4471122486514846,-0.274969635656598,0.17441297946228976,-0.050278328097154115,-0.06411086141002699,0.6754607679756268,0.5767553266790675,0.6261080473273472,0.6279718954385707,0.9560686711744114,0.9152819738167169,0.9361591844237271,0.7390625,1.038246437204993,0.9635033059796144,1.2991526988920903,0.05954100334528196,0.23433622877056856,0.14693861605792527,0.09445982907767302,0.0843390409648263,0.08939943502124967,0.04218553077500355,0.1632431575881466,0.10271434418157507,0.09610491120200884,0.18126506667591644,0.10827667679031257,0.1447708717331145,0.1401654731131524,4.844003463386478,2.539862587022091,2.596307610598426,1.6583181230770636,3.5628372166732523,3.4878046466140455,4.028110887291145,3.909900064258402,3.6093175931953096,2.559888855948145,4.77462162240536
1978,0.10520775685320372,0.00770819014110197,0.05645797349715284,0.18856517974762002,0.06656757411453106,0.12756637693107553,0.11073470209339753,0.038154186795492116,0.07453703703703966,0.11420191283929258,-0.025325024926892977,0.04597533281554202,0.1544046123283311,0.03870354963896562,0.09560340924035296,0.08293219295620746,0.10312079732245853,-0.2597153111205975,-0.18427762168878714,-0.2219964664046923,-0.23560977526471677,-0.09721445989493309,-0.15289678604017154,-0.12505562296755232,-0.11035483017625752,0.4721299093655588,0.4368076535750252,0.38518070334066196,0.2921875,0.4906785763445724,0.4246398230698682,0.45491184447799693,-0.019372853159104107,-0.08118968074123645,-0.05028126695017028,0.004672348565115729,-0.15009888724972467,-0.07271326934230447,0.013204744012383597,-0.14704110149177232,-0.06691817873969437,-0.07555385267302561,-0.16388460612619696,-0.2367664689437145,-0.20032553753495574,-0.21127258429397577,2.618917640005815,2.9712965717109343,1.4302244132215411,1.8813907243447785,0.8251062898194856,3.696534251942724,0.9263364420806218,2.874271325427199,2.4573022273628866,1.4986278162229434,2.59060577756902
1979,-0.45816917063155255,-0.20860853338274285,-0.3333888520071477,-0.48107274404472533,-0.18796351484297502,-0.3345181294438502,-0.5831662640901755,-0.23720813204509048,-0.4091586151368746,-0.5472907241044698,-0.30076448544213724,-0.42390537591201316,-0.5057825664346237,-0.22413381910896665,-0.3672305643871759,-0.3284143115786091,-0.3445994490412455,-0.8283477775721135,-0.5975408901454292,-0.7129443338587713,-0.7285591301967892,-0.5254718911257774,-0.45486117611420085,-0.49016653361998913,-0.48055179697304795,0.5916450870378361,0.49358006042296065,0.5178615661979197,0.4734375,0.5501060595567222,0.3304105901165551,0.8199627141003866,-0.04104627018901234,0.06949470685794738,0.01422421833446752,-0.009005972406454387,-0.08363143628420693,-0.046318704345330655,-0.13686520731236823,-0.10383820319360787,-0.12035170525298805,-0.1161399752576172,-0.1256336585200631,-0.13407272565405398,-0.12985319208705853,-0.12884430925905713,1.5966547627634933,2.0319504190824556,1.2358939838313059,1.1889563406244994,0.8408097812504417,2.0596461580755943,1.4151134042938407,2.1560418619024144,1.3294145194403861,0.6980011257407227,1.472657093141323
1980,0.8617841470118612,0.4987762806085711,0.6802802138102162,0.8607373252863452,0.43292822732969255,0.6468327763080188,0.7755293880837307,0.3942532206119157,0.586795491143316,0.8042007162091337,0.3323790920453982,0.5706155589591403,0.8571795287683119,0.41387056883195844,0.6340777191498711,0.6042996944379854,0.6151358200171563,-0.06961538376887588,-0.23459563493598032,-0.15210550935242811,-0.1775899935775431,0.950307517815717,0.4284346983394764,0.6893711080775967,0.6886872956057193,1.6022874406560221,1.5871097683786506,1.9508909407668935,1.7640625,1.760799421970943,0.8212041700082703,2.831815727614787,0.21137984377460095,0.15175714369154467,0.18156849373307282,0.31769546394640574,0.12992347420430017,0.22380946907535296,0.015578875083720788,-0.07242236165445985,-0.028421743285369533,-0.03357525142856439,0.25691774351074065,0.07480506980731032,0.1658614066590255,0.16292242861275724,9.626239208508538,3.5813574934063235,5.988913794961057,2.0440260528274448,3.097361043578147,2.4204078985214155,6.063263445635651,2.6731136950431633,6.741743925449592,5.295258216605977,9.219411900881337
1981,0.16994208794730808,0.5603699229655902,0.3651560054564491,0.20571114410369964,0.5884822669494386,0.3970967055265691,0.09292069243156038,0.5359198872785823,0.3181964573268954,0.08651989491425872,0.4454029813433908,0.26690545656810527,0.15034626990437094,0.5143122227136683,0.33085414571309724,0.3423365846184388,0.35183483425251216,-0.47851764878198433,0.05365578736000147,-0.21243093071099142,-0.24172535545550747,0.41683245674058883,0.3988158874928234,0.4078241721167061,0.41170437490003137,0.7140375485541645,0.6768630412890231,0.9396440728346572,0.5875,0.743244537721329,0.5654153655832524,1.4265982336583931,0.10729843506167905,0.4728414360668857,0.2900699355642824,0.17329294670909953,0.39372296949809754,0.2835079581035985,-0.16309200042628563,0.06808133950218061,-0.04750533046205251,-0.0508576560060208,0.12744936502875026,0.2280805694826846,0.17776496725571744,0.17387862476914365,3.500646528263807,2.141531061209757,1.3342247199191137,0.9735386671522935,1.044132865027257,1.7928523022423364,2.0563066216433996,2.3478475763307154,2.624216286672322,1.7041808373548357,3.432494848096933
1982,-0.767562098166925,-0.07792030423427276,-0.4227412012005989,-0.7410662557968297,-0.046161235459677576,-0.39361374562825363,-0.8135406602254459,-0.10490136876006471,-0.46006441223832245,-0.8030078797208632,-0.20421608495505714,-0.4980501287731148,-0.7338452982013238,-0.1329153537493652,-0.4325614486054307,-0.41765464913659367,-0.4446108041161021,-1.076262913111087,-0.49133909403777015,-0.7838010035744286,-0.8089312945902819,-0.9223948229464056,-0.753707098048259,-0.8380509604973323,-0.8316378330435129,0.23714933103150623,0.1968781470292044,0.08373539285711998,0.1046875,0.21101398725102383,0.09260289086993315,0.25134859424063494,-0.23491138091138025,0.0022866083954358953,-0.11631238625797218,-0.14486042238113653,-0.06974480993361137,-0.10730261615737395,-0.3762705127964351,-0.2865523955152873,-0.33141145415586115,-0.3334134587909217,-0.14688471219924767,-0.18860500989421397,-0.1677448610467308,-0.15891861475946997,0.5654042760029268,1.9347268960624626,0.22243927695283042,1.2025676965677947,0.07035450298084421,2.3286307509251047,0.3563357653399566,3.1078448810738384,0.6212720717747611,0.36828632156042934,0.5604259488990162
1983,0.3309835345729851,0.5232367020938213,0.42711011833340323,0.3595978862712757,0.5671752721855536,0.46338657922841464,0.26592793880837373,0.49678945249597384,0.3815418679549124,0.30850635582946595,0.43604614574691347,0.3780541398277079,0.3813628910168722,0.4950829766113656,0.4415988051798509,0.4415435246669097,0.44656574133863935,-0.3413450577714851,-0.11186374108890085,-0.22660439943019298,-0.27067322416882816,-0.4989191806802167,-0.29258547032585897,-0.39575232550303785,-0.39187429342772934,1.293197022011222,1.3204934541792548,0.9424495932690344,1.2,1.3809674633782019,0.899652191440626,0.8305587819025024,0.11882215846763894,0.3498347348496015,0.2343284466586202,0.17463868532724477,0.24518736188475668,0.20991302360600073,-0.11812066755881362,-0.021181578458622445,-0.06965112300871804,-0.08310225173739191,-0.037998010234110424,0.027920691170501326,-0.005038659531804549,-0.0035233540829779685,4.85814032438252,3.162400082126138,2.7603600859205204,1.9539566513447304,2.2319885819859233,2.653007528652649,2.293739194691589,3.9105845290123193,3.831381637190134,2.602820347942461,4.894385263726791
1984,-0.07005436035597311,0.33774509473711756,0.13384536719057222,0.027207263635141882,0.3379869463231229,0.1825971049791324,-0.025738727858297516,0.31333534621577974,0.1457930756843827,-0.04679773605933521,0.23371789796064135,0.09643694942010252,0.045962421301503374,0.27693634990070753,0.15736984213733657,0.1471595661968476,0.16998691535572893,-0.6940430841208045,-0.2629869777125208,-0.47851503091666264,-0.4922570578701284,-0.524460454528511,-0.3211975798556282,-0.42282901719206956,-0.4195372891875813,0.7327327003308873,0.6677240684793555,0.6242815301571402,0.634375,0.6882645793264197,0.5558446724088766,0.45410281358550386,-0.09859856434253265,0.1424413158502989,0.021921375753883122,-0.022582863606233995,0.06162752910366306,0.01952233274871453,-0.32678641516812984,-0.34395125835132223,-0.33536883675972606,-0.3456741912414796,-0.185329868514557,-0.18182847891410392,-0.18357917371433047,-0.18989511241204685,1.9260021729165588,1.7929713366043742,1.0641771521648635,1.0140208450949446,0.8758237713663584,1.4013378745352547,0.7586012289529958,2.5404420301254196,1.4059878160306296,0.8942157035045074,1.8559119721085116
1985,-0.15363573888278087,-0.08329600435135845,-0.11846587161706966,-0.08841075402001358,-0.15535677722316538,-0.12188376562158948,-0.13721215780998647,-0.2094303542673122,-0.17316827697262216,-0.19471234807879534,-0.2752402804522335,-0.24236859957490597,-0.07811854272044863,-0.23738179295344314,-0.1673974975665959,-0.1333465496599743,-0.1858073438559454,-0.6918772648610747,-0.6233693653533138,-0.6576233151071942,-0.6702650249932833,0.4611625102070719,0.12104401178451141,0.29110326099579165,0.31051278891219625,0.7134189325276935,0.6620090634441088,0.6721791917377854,0.4875,0.6790795775454223,0.32570294316312665,1.9233998243408923,0.014247391291852578,0.16766407971584793,0.09095573550385025,0.07001693054729083,0.035835966663470255,0.05292644860538054,-0.10369268427047999,-0.18568786798529394,-0.14469027612788696,-0.15276222757651572,0.1869289846611957,0.09433374801804408,0.1406313663396199,0.13832377104657995,3.689227504532395,1.6921582839680729,1.6291148564314841,0.9333574376738255,0.953866897324691,1.0217476915017392,5.027685177151886,2.5239191650275794,2.6396990583476656,1.9184547629089486,3.668197693114205
1986,0.08880164697400895,0.3966485645611585,0.24272510576758372,0.14589978335841697,0.47388969400963826,0.3098947386840276,0.10421296296296277,0.4349537037037038,0.26970611916263953,0.0469259509798756,0.4126294277561026,0.22607610132550543,0.18153647521196922,0.4262455591704512,0.30147490001139593,0.26039482247102813,0.25474729832605275,-0.31170197770179875,0.18781858735224471,-0.06194169517477702,-0.08164797067988976,0.6920390405194455,0.6157429262838667,0.6538909834016562,0.6583252608308666,0.7461120702057253,0.7967019133937563,0.9598185003577938,0.828125,0.8190493494140907,0.9266717213793396,1.423818534663553,0.06437236120620449,0.26055384817946065,0.16246310469283257,0.12376307722027492,0.0973644248800344,0.11056375105015466,0.024589652086015535,0.03756815206684428,0.03107890207642991,0.028879419168466033,0.20235347377127114,0.14390440301836002,0.17312893839481558,0.176430682680437,3.812432824526105,2.0420098271502187,2.319527864835789,1.442423177496127,3.461181655914716,3.1569702314774535,4.2761647531430365,3.4011721079402673,2.8000798397250932,2.2112814566891923,3.6779879233694683
1987,0.20608152898547208,0.328225083247549,0.26715330611651056,0.12845121774157411,0.39648678766054324,0.26246900270105866,0.08108494363929017,0.36641505636071003,0.2238727858293096,-0.0019357571627043615,0.35754783629305287,0.16896011263875463,0.17364070277958116,0.3630102044844135,0.26420627884474035,0.2771167468469994,0.2238013099708927,0.1629163851406837,0.17331559484081696,0.16811598999075034,0.14602153713580987,-0.19080620292430323,0.05478965852861687,-0.06800827219784318,-0.08087286777917205,1.1450294921594022,1.1193353474320242,0.9670098318158544,1.0234375,1.1587653614701503,1.641240143270196,1.2076161008213704,0.18556866346523665,0.43373302087000104,0.30965084216761884,0.25653999280696993,0.25950972774783965,0.2580248602774048,0.17588317783607293,0.20475210144250633,0.19031763963928963,0.18710281229286577,0.06627683637450084,0.105725471977967,0.08600115417623391,0.08750514113301379,4.382730482193645,4.837156631229942,3.2956680074475893,3.097885331497927,5.279162649015276,6.395216841667307,1.9395905247167022,4.862508562966666,3.2705693765000032,2.4096074949703525,4.515832155539129
1988,1.3644323791802868,0.7369159579126602,1.0506741685464736,1.2969506449784745,0.6778166255212843,0.9873836352498794,1.2666525764895298,0.6503522544283424,0.9577495974235117,1.1244434433465171,0.6419124816538779,0.8811679477839689,1.3304252791910882,0.658879607791488,0.9987762086323136,0.9038023116615197,0.9606962747166297,0.42858468207170375,0.29264333907597523,0.36061401057383946,0.35206113587726146,0.9549197390894539,0.6306743386728758,0.7927970388811649,0.8005560684625715,2.8370234498633273,3.0950402819738163,2.6943877890201997,3.4046875,3.2469680477542426,2.011365921131736,3.126339654228849,0.5915451363816266,0.7971167306463902,0.6943309335140084,0.7054012373226975,0.6823355819096776,0.6938684096161876,0.2902055180004396,0.3906268301495954,0.3404161740750175,0.3426653977514378,0.6384855311936234,0.6961992829762361,0.6673424070849298,0.6510227571834908,8.253000883416318,4.1372735628940545,5.566650307631133,3.1028405491169435,2.992439059900508,3.7787463229050515,3.128501732011413,4.042004834023889,5.895597267374563,4.951088380925302,8.420546113332609
1989,-0.19388595371345343,0.15077473709526557,-0.021555608309093935,-0.3058556293650103,0.20896376296488856,-0.04844593320006088,-0.36505032206119337,0.1924416264090169,-0.08717793880837067,-0.5225576792651857,0.1823296327138772,-0.1745542827641111,-0.29963571037964387,0.2134244264796825,-0.04252092813000898,-0.01990434826693589,-0.04109920825926109,-1.0356675448008867,-0.2902167167623533,-0.66294213078162,-0.6950898042411029,-0.7304484379521001,-0.13758533758850522,-0.4340168877703027,-0.4575600609101655,0.4418866589939098,0.45594159113796584,0.973507888022751,0.4859375,0.4886399987078475,0.4689736392253766,0.9016470592629953,0.05237460646714924,0.4092204491262045,0.23079752779667687,0.1519451753240053,0.2932319813406261,0.2225885783323157,-0.2421829361311314,-0.10390197492295254,-0.17304245552704198,-0.17060132401747116,0.07370016717586653,0.21737182034327923,0.14553599375957288,0.13996354466484506,2.5460600439164645,1.8089132521202254,1.4869970468089082,1.0624084565752865,0.6588300607180176,1.7508647827119859,0.7232865325457415,1.9690274288104372,1.7515309353963089,1.3728759342381942,2.444019306013933
1990,0.34036506819972473,0.4472028146433515,0.3937839414215381,0.16805751533394303,0.5074817689586194,0.33776964214628125,0.11689412238324755,0.4731179549114334,0.2951288244766506,-0.04317542180379226,0.44267613848225446,0.19869028757791993,0.19520905181095466,0.4689627887552589,0.33503183108842843,0.3312157068495468,0.3288640198510926,-0.5099002923083629,-0.09956899114245735,-0.3047346417254101,-0.33261004136350036,0.6401364423704848,0.5146961082297944,0.5774162753001396,0.5843658362838613,0.9333854841030065,0.9549345417925478,1.4039758876090438,0.91875,1.0535251344404923,0.5946817410708448,2.95909516632952,0.28215420572373223,0.5335813999114555,0.4078678028175938,0.3877385431648265,0.4386124296349826,0.41317548639990453,0.07165951594084331,0.11541407830741598,0.09353679712412966,0.090362364577212,0.5073962051032044,0.5635232890172771,0.5354597470602407,0.5350661396122272,5.281433104080075,2.6109358696997114,3.0125611991369468,1.5784020137215893,0.9396662172086236,2.748315914722909,6.419690633794124,5.458388595503417,3.505617593769792,2.7156763527033343,5.269145978488961
1991,0.30037730804456564,0.48222922022502074,0.3913032641347932,0.12191784538092426,0.6444993677739901,0.38320860657745714,0.07993760064412264,0.5896034621578096,0.3358896940418708,-0.1056909536057,0.6029720148345838,0.24463141388164525,0.14806618984004927,0.6197661156315183,0.3896064243321856,0.364037972599272,0.38965084623582313,-0.7971785563143641,-0.11552871285382593,-0.456353634584095,-0.49004682153727436,0.8237534545630648,0.6607112374533627,0.7422323460082138,0.748643204560134,0.6089879154078546,0.6912134944612285,0.4890240999766412,0.59375,0.789832418645675,0.34863831192519473,1.3762856224243976,0.285920262887247,0.5632220707591129,0.42457116682317997,0.40292360261910115,0.47910927064608794,0.44101643663259454,-0.12215696864032176,0.14480566893064192,0.011324350145160082,0.014749199748387046,0.5979726402999964,0.6179446135689198,0.6079586269344581,0.6161293843225902,2.0850286731423413,2.80201574111621,1.7807304625778357,1.9531854424127908,1.3689361614658522,2.8599260378885734,2.6482303305919306,4.00673599321759,1.73501991475181,1.2998774695003767,2.07528940828124
1992,-1.2828822723169175,-0.7147075079609774,-0.9987948901389474,-1.4733704944709012,-0.5771646289527016,-1.0252675617118014,-1.5001952495974251,-0.5997081320450887,-1.048892914653785,-1.6661809890506887,-0.6122120070771941,-1.1409844086098524,-1.4053878668375708,-0.6004009026327507,-0.9976978799169111,-0.9647214697191681,-1.0007316740203174,-1.715709660525196,-0.674193452533328,-1.1949515565292619,-1.2496045728817597,-1.052235135404612,-0.633609035464008,-0.84292208543431,-0.8605366385991933,0.6746223564954683,0.715508559919436,0.8321622043251434,0.6296875,0.8527124086215142,0.4971348158337771,1.4342810164340785,-0.5446323116028634,-0.19178137184266147,-0.3682068417227624,-0.47323770683883826,-0.28758097951788586,-0.38040934317836206,-0.7497883016527312,-0.4698545392988267,-0.609821420475779,-0.6177886923940257,-0.3922012624101548,-0.233325755321695,-0.3127635088659249,-0.31483120846578444,1.0312196917523284,1.426829660589043,1.168857921986112,0.9089835915274678,0.49321342751031877,1.4777613233411462,0.7565268716218994,1.7850870561845078,1.0138762751056196,0.8020961656980697,1.0505401228988587
1993,-0.7685025979111978,-0.12014567849951986,-0.4443241382053588,-0.9941856030115445,0.0683201884598712,-0.46293270727583663,-1.0552677133655393,-0.008584943639292446,-0.5327697262479852,-1.1988053945044987,0.046527432183372186,-0.5813520507879165,-0.9248047332484176,0.060608795581547525,-0.42976461490274115,-0.47604751365233805,-0.40047601661671056,-1.1831786424029982,-0.3393288219103646,-0.7612537321566815,-0.8143785210068547,-0.8834769015230498,-0.4598440125025429,-0.6716604570127964,-0.7139619996860455,0.4292799597180262,0.45619335347432033,0.2822091552969657,0.31875,0.567246814173123,0.42817368182075294,0.49028662181805743,-0.36035223069854916,0.16272151724386008,-0.09881535672734454,-0.22310489170472678,0.04857639941774435,-0.08726424614349121,-0.5432968856043419,-0.18931257070597307,-0.36630472815515747,-0.37264567308360214,-0.35656560918236313,-0.11391615887984717,-0.23524088403110516,-0.25118482292627886,2.495965113453908,1.5337566007591206,1.8627994082348767,1.01730194383789,0.8357560358248077,1.1042749561775178,0.8265704715123303,1.7560131850065004,1.7123971591665899,1.331037219263525,2.5355683133312685
1994,0.6202638075926904,0.6728849413499796,0.646574374471335,0.5088432896436039,0.5641395551400921,0.536491422391848,0.43289653784218807,0.5246880032206119,0.47985104669887485,0.21049813938819512,0.49036955004105137,0.34256787471672384,0.5002872004657279,0.4928258121583438,0.49226214224562326,0.4460607058301011,0.48921461055298116,-0.1905093530539384,0.11091281062302871,-0.039798271215454845,-0.0526447634235401,0.15058713824882597,0.30975793446093,0.23017253635487797,0.2221702237317653,0.670860307869371,0.7046827794561933,0.9517257577367844,0.6890625,0.9056729947586869,0.4775885700451243,1.002002742095546,0.5777311423683149,0.7500611279185107,0.6638961351434127,0.7003509453801613,0.7337863873096744,0.7170686663449178,0.40948747886288644,0.5307645595793383,0.4701260192211124,0.46183089840479713,0.6003009639526392,0.5980123925817267,0.5991566782671829,0.5945863754766917,3.3759390009353663,4.809224525804347,2.4180182436830457,3.2967225842229997,1.3278164721960564,5.261596858318733,2.6216343719460538,6.110913557956263,2.2215733594071283,1.7935558027315033,3.3099344685484073
1995,0.1530536384128482,0.5486019420299736,0.35082779022141086,0.11391491208617187,0.5247253613974482,0.31932013674181003,0.05119363929146103,0.44189814814814765,0.24766505636071057,-0.17034584715790058,0.4996351759463186,0.15915545130964623,0.13369534056417146,0.49213810837202404,0.3079106520613896,0.2610469292245806,0.31326367082983675,-0.2789321303633838,0.16064142438366283,-0.0591453529898605,-0.08971500420173333,0.03511626139462249,0.2493778151690565,0.1422470382818395,0.13463131502871734,0.610712487411883,0.6815206445115809,1.0378918375782142,0.6171875,0.8866809731638327,0.8601979146935557,1.0671827437560748,0.5707903737829726,0.7758226574598661,0.6733065156214193,0.667652824563348,0.6558414823709808,0.6617471534671644,0.32793959685621993,0.5329730646969677,0.43045633077659384,0.43672808817281833,0.5553590822364501,0.615805319264181,0.5855822007503155,0.5928498145625569,4.859173534620769,4.86322145891542,2.9797535579182344,3.500532710166086,2.2613806730054504,5.138165244177799,2.009845800243325,4.7947944754980805,3.052283708043963,2.7099669084212668,4.710119152464473
1996,0.002887017273708446,0.4780771865184084,0.24048210189605843,0.17403054683083177,0.515910792617602,0.34497066972421686,0.1691284219001585,0.4889392109500813,0.3291867954911459,-0.12216557873904853,0.44986402863608926,0.15726333969934134,0.19372058464937542,0.44618935665203946,0.3149862095405846,0.2814552248194909,0.2939923748789127,-0.3423272642227397,-0.03814595361717149,-0.19023660891995559,-0.2198889688426513,0.38294136134895157,0.31298258315802696,0.34796197225348924,0.3532462804335341,0.7061346089291706,0.7864300100704935,1.4007785649029987,0.9296875,1.0211985098594973,0.9844216542979772,1.4395897754489297,0.14127468954940015,0.5121214527122213,0.32669807113081073,0.22523329407600068,0.3847508723787429,0.3049920832273718,-0.07650575977509518,0.14377387285769688,0.033634056541300854,0.034733408419048956,0.15993324008661824,0.2882705483801891,0.22410189423340368,0.21302149487589375,4.329428984849498,3.6842129843809333,2.2567555058098363,2.113532626026261,1.9956716201308482,3.3010673497463925,3.2104308817591334,3.6588304771111457,2.7974858384782193,2.53697353351739,4.04139852254603
1997,-0.7308959473167209,0.041825624352319485,-0.3445351614822007,-0.46508123160760567,0.2776414062943453,-0.09371991265663018,-0.5194585346215778,0.18543679549114253,-0.16314412238324846,-0.7495892746671775,0.23031983700129519,-0.26594412920008226,-0.43869535828096884,0.24810462304155964,-0.09971055483979749,-0.07899224187333583,-0.1155142308673575,-0.9109748290733222,-0.1266677029096118,-0.5188212659914669,-0.5606324263812752,-0.3743129823472972,-0.09995945858956701,-0.2371362204684321,-0.24361874332118147,0.19791456864719698,0.21286505538771394,0.2852028271229221,0.1890625,0.2778501630395324,0.20240878995639625,0.5581068326677251,0.3448566167990924,0.6343045810735952,0.4895805989363438,0.3614508790127345,0.4460157174508568,0.4037332982317956,0.19953680494287226,0.3523121731663718,0.275924489054622,0.2680702997397914,0.44444393137787097,0.49781560342457015,0.4711297674012206,0.47281030225308707,1.9810158701098795,3.730639133177347,0.6896058246729786,1.9873795420366935,1.1184403106219993,4.236772068518768,1.7284596337640235,4.754539544721423,1.2203940007544225,1.063660173845732,1.8929977244626754
1998,0.2229751621973643,0.7598320801475775,0.49140362117247094,0.4664401952829229,0.968334362959186,0.7173872791210545,0.41145933977455446,0.9021638486312397,0.6541264090177148,0.14754024550073608,0.8984168074638511,0.5174826847193438,0.4945342627844559,0.9434632710368944,0.7105725212621408,0.7239741908308452,0.6815106793577482,-0.09268257115289998,0.38055123572392263,0.14393433228551133,0.09790307626886259,0.5251342727469516,0.7276690412260416,0.6264016569864965,0.6138781634698118,1.1952309020284857,1.5316465256797585,2.435721077765953,1.878125,2.01843608312476,2.121804497308328,2.8072307848489455,0.8272588650464207,1.2481810273355958,1.0377199461910083,0.9081413517446183,1.1024373644200616,1.0052893580823399,0.484082082380309,0.7512514371183342,0.6176667597493216,0.6124902973214893,0.8701911500851944,1.0606984088624203,0.9654447794738074,0.9530398879289593,10.887977308793326,9.770662875673398,4.563635980337061,5.140452253885654,6.722895171949308,7.29670304806088,7.733840639538683,9.632810248261967,5.312354773549293,5.080844355979828,10.637204816139533
1999,-0.11289659192419306,0.43924718278293107,0.163175295429369,0.0698424796142355,0.5958380444799909,0.3328402620471132,-0.002489935587766769,0.5202797906602256,0.25992351046699097,-0.2741869581307484,0.6242883284584065,0.18020257160949643,0.10239653217996386,0.6239690958341619,0.36874824926098343,0.2889154459645003,0.3110155807516267,-0.256714503008108,-0.0022343677637582117,-0.12947443538593312,-0.15934410581180447,0.00020039873549092198,0.3476840394860305,0.17394221911076072,0.1563969039932074,0.6471424974823763,0.8432779456193353,0.5622220392822052,0.815625,1.1196941987288973,1.0572042615470052,0.6193083701349924,0.7161277422785687,1.0784643927123048,0.8972960674954367,0.7985776662080477,0.8908269047246941,0.8447022854663708,0.4373700149836862,0.5322927927863947,0.4848314038850405,0.4823461724356664,0.8402136550429894,0.9733136915020469,0.9067636732725182,0.9052445675247743,2.9717285883625824,6.223597722038461,0.7601266269729665,3.863720521857179,3.2094796089076154,6.790035533273917,1.1107900367256172,7.918565889122535,1.3140006663151604,1.319791159932756,3.081579825490201
2000,0.39378425979173276,0.5258392261788633,0.45981174298529803,0.5265896377403745,0.5856243872386863,0.5561070124895304,0.48821054750402304,0.5525865539452479,0.5213969404186802,0.175535658849764,0.5538387888580665,0.3426127168588876,0.5711319010919135,0.5668664454032941,0.5539574683905429,0.5725884406404417,0.5213647631972471,-0.5482653819563,-0.12474936555070107,-0.33650737375350054,-0.36917973687671407,0.8815293592641514,0.7136611551662463,0.7975952572151989,0.8020834756961636,1.690073970172158,1.9900553877139975,3.21520166315529,2.3734375,2.644139517026474,1.2276057598819916,3.39190169212727,0.7821141520654808,0.8262796289644503,0.8041968905149656,0.8490983008916457,0.7581010028376132,0.8035996518646294,0.45029054007382235,0.49398848917332705,0.47213951462357473,0.46703749077188833,0.9292140330176765,0.8556812748695443,0.8924476539436104,0.8967951950115302,8.01476384525225,6.286059353129716,3.5541811550666287,3.354537807845606,3.4810061281411677,6.304244821109686,6.509262025752168,7.727972436251986,4.611131449056586,4.23899111544307,7.617831665176902
2001,0.4933379282538711,0.7837304647051522,0.6385341964795117,0.6684613003144638,0.8688795454189908,0.7686704228667274,0.6203361513687581,0.8240841384863111,0.7186191626409013,0.2971800378465091,0.8029702980169601,0.5456402035071897,0.716242204564674,0.8223447250464424,0.7660643297700077,0.7273119643361998,0.7587463603853395,-0.003150572955041977,0.32691322286084695,0.1618813249529025,0.13064045376096098,0.5604353811959356,0.6484191395505943,0.604427260373265,0.5975892189475787,1.1456876708387291,1.3874622356495467,2.052206038994762,1.6671875,1.8252278776992399,0.750087815455198,2.4836351169383337,0.90764718507416,0.9750850396988592,0.9413661123865096,0.9349436879694512,0.9122961958932955,0.9236199419313733,0.6150636230207343,0.686343059555348,0.6507033412880412,0.6483670510653353,1.1178180718353397,1.0601718387164092,1.0889949552758744,1.0939411021781495,4.18199851151986,5.9980123303760635,2.0063207133192194,3.42162656395499,1.3870522995566192,6.396507084792607,3.933683613664926,8.847365050412135,2.3922518258055554,2.2618963497741653,3.993950363097905
2002,0.9076417944630886,1.031814869405585,0.9697283319343368,1.0856037143332984,1.0520165543027984,1.0688101343180483,1.0128482286634426,0.9941324476650554,1.0008051529790656,0.6707850182288358,0.9871245340021482,0.8189121154766886,1.1186636195682842,1.0178905996313308,1.0607154274524004,0.9680862858149843,1.0241602208671012,-0.21264254696702642,0.2432643865506993,0.015310919791836436,-0.012945374482170986,0.6136873312702941,0.5949975228919694,0.6043424270811317,0.5896752645081699,1.052064451158107,1.3697129909365564,2.0697155776097116,1.53125,1.774726881729752,0.5177973761400674,2.341647290674204,0.8458513981640315,0.9794832243362611,0.9126673112501463,0.907774733491194,0.9436743250466036,0.9257245292688988,0.3758028164645276,0.4730049375079301,0.42440387698622883,0.4176825189724568,0.9631073729648991,0.9112518964238981,0.9371796346943986,0.9487380861029145,5.15531864888866,6.972215639392057,2.220435677959235,4.06512218136212,0.8340383634753307,6.927711238603657,3.8133070909450635,10.05980814633593,2.7608021578966593,2.8466031638973113,5.035756691586987
2003,0.5805518323004984,0.8598413314239702,0.7201965818622343,0.7243652225377416,0.9242792226971761,0.8243222226174589,0.6462419484702052,0.8631541867954904,0.7520128824476662,0.26565129547086447,0.8817605710248719,0.55905212887686,0.7341346283583686,0.9090996692092534,0.8137713543552592,0.7393809937706005,0.8054463476581241,-0.35941825814205586,-0.008593230199206311,-0.1840057441706311,-0.21332179596244838,0.37522028151454084,0.6093165779162688,0.49226842971540485,0.4832534334058257,0.8631168177240687,1.1244712990936558,1.9742897200468361,1.146875,1.4387284763588837,0.31054766289345653,1.8191279831712859,0.673900033421761,0.963818925453059,0.81885947943741,0.7296107106559471,0.8470295770360188,0.7883201438459829,0.2581993552784925,0.43503620148565764,0.3466177783820751,0.3514687315256702,0.8033251737649185,0.9572144547397562,0.8802698142523373,0.8800971323978554,8.62229606097298,7.180495297791724,4.212853376797173,4.228222570521363,1.1423546375640339,4.48606743818173,2.9789802785117856,7.1613148716977895,4.2477476553291735,4.504377172106021,8.309857277557999
2004,-0.902749109504516,-0.10997797275743491,-0.5063635411309755,-0.8812237218445359,-0.1482845517078042,-0.5147541367761701,-0.934857085346217,-0.18086755233494578,-0.5585547504025766,-1.2998107614471268,-0.14669469881344868,-0.7431502740375918,-0.8358912965462705,-0.13883976470739764,-0.5034495721527851,-0.46460733095412304,-0.4919841599931981,-1.1724886550229967,-0.47297882044637857,-0.8227337377346876,-0.8441666764147555,-0.6847702485865689,-0.10443706831028932,-0.3946036584484291,-0.4158997835286219,0.3023162134944613,0.4177995971802619,0.21717893238480185,0.209375,0.5300356558251264,0.2050381666653168,0.6705687934575155,0.22473734811721963,0.4600072102876958,0.3423722792024577,0.28244050688088085,0.4042361148506666,0.3433383108657737,-0.12195369076541797,0.14129087805748822,0.009668593646035124,0.014486112321594862,0.39988518707996906,0.5700660006418694,0.48497559386091926,0.4872961286368204,1.5312054290251162,3.128838080793377,0.695179474492725,1.7844394923339386,0.6369681551984453,2.7329062348518063,2.3829987399567916,5.089087296362319,1.2039195452422562,1.1721712942466223,1.552245242113373
2005,0.6843994878159102,0.9785757742862558,0.831487631051083,0.5592664149637462,0.8737855799512392,0.7165259974574927,0.511278180354267,0.8194343800322045,0.6681964573268957,0.13276431615945225,0.8782740717863883,0.5165606756605188,0.6190353837756399,0.8819349239866144,0.753146263646926,0.6913067897819982,0.7238416562434616,0.024690757392910045,0.4118520703683237,0.21827141388061688,0.1888630666791623,0.7099994766893186,0.9809737246758037,0.8454866006825612,0.8335151682909949,0.7088152783772115,0.9782225579053373,1.416792835964504,0.83125,1.2294468760625827,0.9859825168852228,1.5818556874413983,0.7728272938138345,1.185762385986974,0.9792948399004042,0.9605134742992385,1.0362242294300095,0.998368851864624,0.4356364923117618,0.6613134599695187,0.5484749761406402,0.5477322706529079,1.033754356912403,1.123999725188168,1.0788770410502855,1.0921877579166475,5.283455727773707,5.493728285055577,3.511622618388386,3.6686401675090075,2.688884314139195,5.003858054429745,3.0505207388997064,7.376273985086442,2.2407490923119964,2.441156327732692,4.883081807609821
2006,1.2872495783707105,1.3734243391442718,1.3303369587574911,1.241501069886996,1.2150996149982347,1.2283003424426153,1.2180414653784195,1.1571759259259258,1.1923510466988736,0.8535148687546318,1.222163762952039,1.0307213523233913,1.3446523340269934,1.233070913469073,1.2821817847085302,1.2203469149129889,1.2586796745843405,0.2577844880763935,0.6889599497992801,0.47337221893783676,0.43425641183736036,1.3302269264604123,1.3153416382085374,1.3227842823344749,1.3267687900517486,1.1545820745216515,1.517799597180262,1.750280165278971,1.475,1.871285148544545,0.7623605362945581,3.1761822994699256,1.14138732801561,1.1897882224655392,1.1655877752405746,1.2431187044455563,1.1828433881311873,1.212981046288372,0.6496969623309766,0.8066854195875099,0.7281911909592433,0.7190194397698937,1.2760583022728507,1.276502585266145,1.276280443769498,1.2810984306361952,6.806362571020001,7.673848853859199,3.637478082809349,4.271441614101499,0.8444925529735066,7.015203362670924,6.4147541475239604,10.521161674524043,3.019927179796019,3.142268566491645,6.82180976771592
2007,1.06640768544154,1.2671217420931793,1.1667647137673596,0.8986897848169507,1.0941426905255258,0.9964162376712382,0.8563264895330098,1.0352556360708538,0.943136070853465,0.48253658525219556,1.0738372352644283,0.7770230037258125,0.9855479405655592,1.0880409456404367,1.0354301504279246,0.9554520510961377,1.0024821813913654,0.3805600553235298,0.8317017639253836,0.6061309096244567,0.5831186221002094,0.8643328985033303,1.0823774915912272,0.9733551950472787,0.9568761361915874,1.288785786217811,1.7551611278952666,1.8032209350151835,1.9859375,2.1038664345586064,0.9192502668960907,2.0138445380296295,1.0705690712165585,1.0724383566866011,1.07150371395158,1.1814496083078463,1.104536188770506,1.1429928985391762,0.7946277823949458,0.9808983793697729,0.8877630808823593,0.8901005136647325,1.1778528861461173,1.230490017225788,1.2041714516859527,1.2076564569815051,5.720354565551012,7.723703218696969,3.8964819831684934,4.684790288446396,1.7812374905942923,8.059735020709109,3.1442304774029046,9.326208133820675,3.1531110959918554,3.2364564172292045,5.782403670909572
2008,0.42510919921982354,0.6184221225571885,0.5217656608885061,0.2659147495133984,0.4427575783513558,0.3543361639323771,0.2572322866344563,0.4096517713365532,0.3326288244766511,-0.11458007096868504,0.4712826715150887,0.17041852481425107,0.40941474846117604,0.44884307851784777,0.4201447635093013,0.3446828242662178,0.41189882448238135,-0.770700860614147,-0.2551164249679647,-0.5129086427910559,-0.5510828654712061,0.13089123300131222,0.28364738309717413,0.20726930804924318,0.191782296574813,0.6046216371745072,0.8726082578046326,0.9199842744521238,0.88125,1.0168723030390747,0.655163996799829,1.074965354849567,0.8170678006752071,0.9107493074775338,0.8639085540763705,0.9467841093096897,0.9565499812702553,0.9516670452899725,0.35208112031053235,0.5329408181170234,0.44251096921377786,0.43530416916235154,0.9332430566880834,0.9688803845415039,0.9510617206147937,0.9545240702988104,1.5656906046788444,4.545859856896048,1.1288430961851428,2.6194266168973335,0.7512047663695242,4.458033092858743,1.9612957558564008,7.113402447578941,1.038523741273994,1.1494182807700255,1.5176155864267833
2009,-0.38673476554407354,0.2500612598391117,-0.06833675285248092,-0.47865650461359127,0.15840024674027192,-0.16012812893665967,-0.501644524959744,0.09757447665056372,-0.20372383252817733,-0.8882174090901,0.17840689255336578,-0.3794018275653749,-0.36429616578807333,0.14102530446611983,-0.12403041005779929,-0.17216212857957372,-0.10523518497038373,-1.3095975506903657,-0.2406871160607472,-0.7751423333755564,-0.8178176271031683,-0.04662542953137532,0.18349785961889994,0.06843621504376231,0.05025469234632357,0.4832578046324271,0.6769889224572003,0.9649482393787872,0.665625,0.7709841155100982,0.34727899454685013,1.5866903030095818,0.5897653418132167,0.7450014493289796,0.6673833955710982,0.6712777356526499,0.6833986123802681,0.677338174016459,0.03439554893207734,0.3074359949828609,0.17091577195746913,0.1670938591779002,0.6985777111985748,0.71859728385965,0.7085874975291124,0.7238893567633619,4.115618696317969,5.795962890509863,3.042852270075561,3.029176303369862,1.6148863268849232,4.923152973742559,5.389816376063589,8.3622361292978,2.2787273959676995,2.5284648673266372,4.030156139626998
2010,0.8507007096714265,1.4853260510659152,1.168013380368671,0.6306488929905462,1.3675470179132052,0.9990979554518757,0.5889351851851872,1.3028280998389692,0.9487520128824485,0.16266172064338316,1.4391803819033249,0.7754951809970391,0.693308288843567,1.412976432509177,1.0428325124464617,0.9868708723512738,1.0222466477328234,0.30923716472362817,0.8336197389067069,0.5714284518151675,0.5183002052713124,0.8795534214278308,1.0689336779961975,0.9742435497120141,0.9524204255601131,0.8293213206732846,1.2366565961732123,1.7863974321300142,1.55,1.388513320697804,2.528118933306341,2.4926488760674372,1.297621943061783,1.5362107096726638,1.4169163263672235,1.4338859752972517,1.5406370985512272,1.4872615369242395,0.9002825929892737,1.1920766480039307,1.046179620496602,1.0394889215117058,1.3629162116482931,1.477595297717766,1.4202557546830294,1.4136382854619896,6.0393859311628955,10.400115260313719,4.066267191666739,5.999924510650313,6.432302904864678,9.417099596873644,5.013979170801015,12.240013901836825,2.4224434475179573,2.8562922690182266,5.90719047220597
2011,1.5600895573050881,1.5323240012656547,1.5462067792853715,1.3152101800852947,1.330517236974423,1.3228637085298587,1.252703301127211,1.2890599838969417,1.2710346215781023,0.8161170142808258,1.389867180164254,1.0983848247045975,1.3890785194231932,1.372452325744885,1.3803624580223013,1.3052192224038348,1.3672205215292978,1.817827011796348,1.5782421641305164,1.6980345879634322,1.6884957968350884,,,,,1.320648108185873,2.0389476334340384,3.0797784344167214,2.446875,2.273026113585418,8.075889238951664,,1.0806237534341239,1.2235080247175623,1.152065889075843,1.2046704206012246,1.1938813602447467,1.1992758904229857,0.9367925864246923,0.9661959696889998,0.951494278056846,0.9476543518279334,,,,,14.447583165934919,8.58640256877523,9.568730899472433,5.187106470747474,18.237860360217926,9.949667085467418,,,6.240493085224858,7.682377187543324,14.098612315097633
2012,1.8191672707459932,1.3852385866503283,1.6022029286981607,1.5641664930230275,1.0707117310304353,1.3174391120267313,1.5394786634460513,1.0405092592592582,1.2910225442834153,1.0882507250048108,1.0957248798399064,1.0875968741539708,1.6630312416917232,1.0806795004078569,1.3710099545627954,1.3486909468179267,1.3573239841766997,1.9511527145270036,1.4882097207036704,1.7196812176153369,1.7080898775919418,,,,,1.6356279671989657,2.463368580060423,2.315272128038505,2.653125,2.735541013698657,7.976277659855149,,1.4116525303665697,1.4074724883253356,1.4095625093459527,1.541671261771843,1.4467200753842853,1.4941956685780642,1.333419736940628,1.3644495990966001,1.348934668018614,1.3449275511970815,,,,,8.779122428532578,8.417999652239528,6.077914534899517,4.8950255493972685,12.985463687629602,9.57673863973385,,,4.249144884363525,4.777015359208353,8.814629018076825
2013,0.5777723289265586,1.0221804169283486,0.7999763729274536,0.3230474433155509,1.0052003356390724,0.6641238894773116,0.28875402576489156,0.9807870370370358,0.6385466988727847,-0.1628041447192768,1.03621112594259,0.4202686856677066,0.41846579431877945,1.0133335399723362,0.712051037182294,0.6643678990381404,0.7013551127577806,0.31534292291079785,0.9284254305758537,0.6218841767433257,0.59396898180344,,,,,0.7130412890231614,1.0803121852970796,1.3893825875854495,1.1359375,1.200040681225335,2.3553801839546913,,0.720843341213704,1.0130486413290514,0.8669459912713777,0.9271752546703846,1.0487889853454735,0.9879821200079291,0.4671484759815747,0.7944252893640832,0.6307868826728289,0.6205490636206866,,,,,3.6626284584853805,5.830361609474511,2.5467027699512914,3.7058698023754593,3.8101749836011605,7.56187362070824,,,1.9563435897218795,2.362642967532346,3.5537715595914787
2014,0.011560346784054387,0.3381526510782107,0.17485649893113253,-0.24562153330760772,0.5910843722147585,0.1727314194535754,-0.2637822061191653,0.6164150563607087,0.17731481481481262,-0.6436715907508177,0.6355825415577969,-0.016064169189995287,-0.08685897661412667,0.6131679279059871,0.25897988689160883,0.24768442750691608,0.28011991112550844,-0.1278741758341641,0.5461378128080531,0.20913181848694448,0.18907608748752422,,,,,0.3364965472593872,0.5293303121852969,0.5544526361623228,0.39375,0.5951286495226729,1.066308162581799,,0.7100219743753416,0.920983634301478,0.8155028043384098,0.9207932727188305,0.8693279311026263,0.8950606019107283,0.6377356551296784,0.8656629245730341,0.7516992898513563,0.7516059272968014,,,,,0.8662219054075225,5.604567887047797,0.6578730469266262,3.588022193185903,1.5724474695967527,6.996592387270197,,,0.8632054896625757,0.8819383482325588,0.8242347299872118
2015,0.6987600344637557,1.1684577685264583,0.933608901495107,0.43237418694006813,1.0551725021625196,0.7437733445512938,0.3934037842190015,1.1021638486312402,0.7432568438003213,0.023484733254010487,1.131027098532207,0.5681719180133282,0.5899659087572191,1.1189701533735685,0.8455673742198316,0.84377908914497,0.8485106560236201,0.7616671008712099,1.5185853303719583,1.1401262156215841,1.123250162968541,,,,,0.6214537476622067,0.9307653575025175,0.9407148467756509,0.8640625,1.071625391557992,2.0552786010129105,,0.8997683660770737,1.120588089915437,1.0101782279962555,1.1515908296207948,1.1467437142240466,1.1491672719224209,0.9290962901088907,1.154250762781131,1.0416735264450108,1.0455693525041703,,,,,4.710389184575498,9.886530130746381,3.7658241444055327,5.857012997074712,5.226119670079899,9.864388435695625,,,2.902648438937376,3.316752340838851,4.56950470855584
2016,1.3211087965482455,1.5259746802201288,1.4235417383841873,0.984618580403717,1.3132322639064606,1.1489254221550889,0.9922564412238303,1.3520430756843802,1.175080515297908,0.6239266546495201,1.3576006875640232,0.982841195972653,1.1733684965569182,1.3495888531545386,1.2578420435589164,1.2258677595338514,1.2476964631678138,,,,,,,,,0.5973960581211336,0.9274169184290029,0.8446845975778566,0.61875,1.1141623403809868,,,1.0715912864076511,1.3950138782145105,1.2333025823110808,1.4051599153098833,1.5071374077660435,1.4561486615379633,,,,,,,,,3.2866873079230925,6.766769594422349,2.566032404018025,4.130710495704472,,,,,1.7373648244793987,2.2229806746257528,3.1311231735168494
2017,0.8432146391893547,1.0867602082230814,0.964987423706218,0.5400850719121725,0.8871429124430917,0.7136139921776321,0.5249859098228614,0.9266203703703705,0.7268921095008045,0.11210043707130636,0.9248545619855701,0.5156247626660505,0.6906304041862423,0.9030894219204041,0.7988777921536929,0.7754322929951792,0.7758689260024509,,,,,,,,,1.095549800987868,1.5883685800604233,1.614958714538084,1.746875,1.9691564023057677,,,1.097612001563735,1.268384751105241,1.182998376334488,1.4265331536862211,1.3688890226419195,1.3977110881640704,,,,,,,,,4.368359901921497,9.913258924880996,3.3208394577754152,6.275594158217942,,,,,2.2544113767689304,2.7687869814510235,4.1946419344601695
2018,1.2809967827949802,1.5353473598547878,1.408172071324884,0.9759978139143223,1.3863083545281614,1.1811530842212419,0.9462419484702076,1.4025261674718195,1.176348631239937,0.530675223539441,1.4268774681554803,0.9731192506833611,1.1050572713499307,1.3851723533083646,1.2370469994235231,1.2092340175861305,1.2466329766069686,,,,,,,,,0.9692490289167026,1.4875881168177243,2.1939918452984704,1.9375,1.890854736186247,,,1.147547129958857,1.5298473689874914,1.3386972494731744,1.5026816324912453,1.6434880530517813,1.5730848427715132,,,,,,,,,8.641985813133337,7.856973171421954,6.328555822204997,5.245126826382199,,,,,4.107639600346061,4.896512873298478,8.364434562333868
2019,0.676340327112769,1.028608771978165,0.852474549545467,0.3048937230050557,0.7997681909999198,0.5523309570024877,0.2751670692431533,0.8309078099838966,0.5494766505636083,-0.09457455958138448,0.9030131990318965,0.39990711537336926,0.4523830653148871,0.8436579008275756,0.6439095534059488,0.6214632557519632,0.6665791810220203,,,,,,,,,0.48867429146885344,0.8700906344410876,1.1884370896335525,1.23125,1.129593452456299,,,1.0455300582064118,1.2176901083938347,1.1316100833001232,1.3353261218683439,1.3200976331717487,1.3277118775200463,,,,,,,,,5.762558751093044,10.457928182109423,4.618351373408895,7.089995556648023,,,,,2.3667298449145098,3.013751105692132,5.644795479708408
2020,1.4944889327651945,1.529080662709057,1.5117847977371257,1.1324514873375937,1.21972910052027,1.1760902939289317,1.1344665861513643,1.285557568438002,1.2082930756843806,0.7211289311134352,1.3371441009213434,1.0339937375036508,1.2861744624833726,1.2686765314227997,1.2795415061365174,1.2404584192037964,1.2882342339413544,,,,,,,,,0.9858653431160985,1.4282980866062438,3.2214628962781524,1.6078125,1.8891263730915322,,,1.297994516147794,1.190850961612326,1.24442273888006,1.3402793901415082,1.3828035321811991,1.3615414611613537,,,,,,,,,7.41169136901421,10.93065463600343,6.462398437631031,6.609160923118416,,,,,4.075301243896573,4.867238422136309,6.986162296460134
2021,1.540829995687866,1.894756179074251,1.7177930873810585,1.1866334651393189,1.6775848620112401,1.4321091635752796,1.1620632045088541,1.72806964573269,1.4471215780998383,0.7521716208378446,1.7543342741892303,1.2573967292744244,1.3214729978588264,1.6617261225328128,1.4960984407614908,1.4731144760471708,1.4862973272683038,,,,,,,,,1.5196362633673823,2.1093907351460217,3.378542026448878,2.3515625,2.8370028374373586,,,1.6319695186149559,1.5761710716269937,1.6040702951209749,1.6782191122767607,1.720716330491681,1.6994677213842209,,,,,,,,,7.405570800978972,15.880926772357132,5.970176295642357,9.85184917548437,,,,,4.584924197149284,5.202406266604078,7.233696049565501
2022,1.5818424326501486,1.7794111667620984,1.6806267997061235,1.2383767855397338,1.55793649915486,1.3981566423472969,1.2464231078904973,1.6018619162640895,1.4279186795491172,0.8360007355709291,1.668307206946127,1.2611857817808612,1.3851817188581885,1.583610908544334,1.487138171584823,1.4650492865171207,1.4971207585606394,,,,,,,,,1.6829466983167896,2.385498489425982,3.5918609167905085,3.0625,3.255848462844893,,,1.7677692225027237,1.5498970700168384,1.6588331462597812,1.7305980127903495,1.7258180649184418,1.7282080388543957,,,,,,,,,10.52334165841387,18.2043581282721,7.8871054951216575,9.839258878538175,,,,,5.2090918027974045,5.875400918662981,10.378996763295078
2023,1.1505299291219353,1.3361009228719591,1.2433154259969472,0.757475346014496,1.0469561989173621,0.902215772465929,0.7651429146537818,1.0789150563607075,0.9183776167471825,0.3890780367383066,1.1461971293821391,0.7753285844905335,0.9427051555728386,1.0804034742279678,1.017828210452653,1.022107046144605,1.0289233762991317,,,,,,,,,1.2656218529707954,1.9188066465256797,3.8099007308002597,2.7328125,2.651941936155878,,,1.7265973857801757,1.6047924918831058,1.6656949388316407,1.747665676183043,1.7424938720653793,1.745079774124211,,,,,,,,,11.716952210935887,17.160519947431805,9.81147319935412,9.8547665917067,,,,,6.14162387479744,7.087154393497061,11.014427160806619
2024,1.463103875079626,1.4168482870021486,1.4399760810408873,1.2213329814996692,1.452660300294518,1.3369966408970937,1.2260728663446037,1.5291566022544298,1.3731481481481496,0.81798466854214,1.515474261581207,1.157655846694753,1.3908264871151426,1.4942300010899223,1.4325945102187165,1.4111872840277873,1.7496639520685202,,,,,,,,,0.9939864767659331,1.4911883182275933,,,,,,2.1572771428960027,2.0910093110947288,2.1241432269953657,2.1643051987845943,2.168826582823486,2.16656589080404,,,,,,,,,,,6.210470765771555,10.67453142242411,,,,,4.544834560586935,4.9963640482443035,
2025,1.0005312706512064,1.4621109606965443,1.2313211156738753,,,,0.783923107890498,1.4057870370370367,1.0941022544283427,0.3878065543615054,1.4481545872238357,0.9045957041140735,0.9943500473262951,1.454924595473381,1.2148133634511036,1.1640684722335175,1.2615852421494806,,,,,,,,,0.7672762911811246,1.2190332326283988,,,,,,,,,1.8656491490988603,1.785141641634253,1.8253953953665567,,,,,,,,,,,2.982060585088762,8.284455920666126,,,,,2.754207100421188,3.3969275945681843,
2026,,,,,,,1.4810245571658585,1.8835648148148143,1.681481481481482,1.0285374475056461,1.9132598527201492,1.43923983448854,1.627958371523332,1.9242080043989915,1.7452793004840825,,,,,,,,,,,,,,,,,,,,,,,,,,,,,,,,,,,,,,,,,,
